#
# There is insufficient memory for the Java Runtime Environment to continue.
# Native memory allocation (malloc) failed to allocate 1132928 bytes. Error detail: Chunk::new
# Possible reasons:
#   The system is out of physical RAM or swap space
#   This process is running with CompressedOops enabled, and the Java Heap may be blocking the growth of the native heap
# Possible solutions:
#   Reduce memory load on the system
#   Increase physical memory or swap space
#   Check if swap backing store is full
#   Decrease Java heap size (-Xmx/-Xms)
#   Decrease number of Java threads
#   Decrease Java thread stack sizes (-Xss)
#   Set larger code cache with -XX:ReservedCodeCacheSize=
#   JVM is running with Unscaled Compressed Oops mode in which the Java heap is
#     placed in the first 4GB address space. The Java Heap base address is the
#     maximum limit for the native heap growth. Please use -XX:HeapBaseMinAddress
#     to set the Java Heap base and to place the Java Heap above 4GB virtual address.
# This output file may be truncated or incomplete.
#
#  Out of Memory Error (arena.cpp:168), pid=5324, tid=8444
#
# JRE version: OpenJDK Runtime Environment (21.0.3) (build 21.0.3+-12282718-b509.11)
# Java VM: OpenJDK 64-Bit Server VM (21.0.3+-12282718-b509.11, mixed mode, tiered, compressed oops, compressed class ptrs, g1 gc, windows-amd64)
# No core dump will be written. Minidumps are not enabled by default on client versions of Windows
#

---------------  S U M M A R Y ------------

Command Line: --add-opens=java.base/java.util=ALL-UNNAMED --add-opens=java.base/java.lang=ALL-UNNAMED --add-opens=java.base/java.lang.invoke=ALL-UNNAMED --add-opens=java.prefs/java.util.prefs=ALL-UNNAMED --add-exports=jdk.compiler/com.sun.tools.javac.api=ALL-UNNAMED --add-exports=jdk.compiler/com.sun.tools.javac.util=ALL-UNNAMED --add-opens=java.base/java.nio.charset=ALL-UNNAMED --add-opens=java.base/java.net=ALL-UNNAMED --add-opens=java.base/java.util.concurrent.atomic=ALL-UNNAMED -Xmx2048m -Dfile.encoding=UTF-8 -Duser.country=US -Duser.language=en -Duser.variant -javaagent:C:\Users\Admin\.gradle\wrapper\dists\gradle-8.9-bin\90cnw93cvbtalezasaz0blq0a\gradle-8.9\lib\agents\gradle-instrumentation-agent-8.9.jar org.gradle.launcher.daemon.bootstrap.GradleDaemon 8.9

Host: 12th Gen Intel(R) Core(TM) i5-12500H, 16 cores, 15G,  Windows 11 , 64 bit Build 26100 (10.0.26100.2454)
Time: Wed Feb 12 14:02:44 2025 SE Asia Standard Time elapsed time: 52.037072 seconds (0d 0h 0m 52s)

---------------  T H R E A D  ---------------

Current thread (0x00000207878d8910):  JavaThread "C2 CompilerThread2" daemon [_thread_in_native, id=8444, stack(0x00000013cc500000,0x00000013cc600000) (1024K)]


Current CompileTask:
C2:  52037 24199       4       org.gradle.internal.serialize.HierarchicalNameSerializer::read (6 bytes)

Stack: [0x00000013cc500000,0x00000013cc600000]
Native frames: (J=compiled Java code, j=interpreted, Vv=VM code, C=native code)
V  [jvm.dll+0x6cafb9]
V  [jvm.dll+0x858523]
V  [jvm.dll+0x85aa7e]
V  [jvm.dll+0x85b163]
V  [jvm.dll+0x27d356]
V  [jvm.dll+0xbf93d]
V  [jvm.dll+0xbfe73]
V  [jvm.dll+0x3b1ceb]
V  [jvm.dll+0x1de082]
V  [jvm.dll+0x246c54]
V  [jvm.dll+0x2460d1]
V  [jvm.dll+0x1c5804]
V  [jvm.dll+0x25575c]
V  [jvm.dll+0x253c36]
V  [jvm.dll+0x3ec996]
V  [jvm.dll+0x800d78]
V  [jvm.dll+0x6c98cd]
C  [ucrtbase.dll+0x14ea0]
C  [KERNEL32.DLL+0x2e8d7]
C  [ntdll.dll+0xdfbcc]


---------------  P R O C E S S  ---------------

Threads class SMR info:
_java_thread_list=0x000002078dcf2090, length=141, elements={
0x00000207e4e04f60, 0x00000207ff351a10, 0x00000207ff355590, 0x00000207ff35ecc0,
0x00000207ff35f720, 0x00000207ff360180, 0x00000207ff33c120, 0x00000207ff33c790,
0x00000207ff360fd0, 0x00000207ff4ac8a0, 0x00000207ff62a2c0, 0x0000020785d33e40,
0x0000020785c77690, 0x0000020785c72cf0, 0x0000020785d8bbd0, 0x0000020786477230,
0x00000207861a49d0, 0x0000020785f21a00, 0x0000020785f247f0, 0x0000020785f22090,
0x0000020785f23440, 0x0000020785f23ad0, 0x0000020785f22db0, 0x0000020785f22720,
0x0000020785f24e80, 0x00000207892c5ec0, 0x00000207892c6be0, 0x00000207892c51a0,
0x00000207892c4480, 0x00000207892c4b10, 0x00000207892c8620, 0x00000207892c5830,
0x00000207892c6550, 0x00000207892c8cb0, 0x00000207892c9340, 0x00000207892c7270,
0x00000207892ca6f0, 0x00000207892cad80, 0x00000207892c7900, 0x00000207892cb410,
0x00000207892c99d0, 0x00000207892c7f90, 0x00000207892cbaa0, 0x00000207892ca060,
0x0000020788172a30, 0x0000020788170ff0, 0x0000020788171d10, 0x00000207881723a0,
0x0000020788174b00, 0x0000020788171680, 0x0000020788175820, 0x0000020788175190,
0x0000020788178610, 0x00000207881778f0, 0x000002078a32dbf0, 0x000002078a32ae00,
0x000002078a32b490, 0x000002078a32a770, 0x000002078a32e910, 0x000002078a32ced0,
0x000002078a32bb20, 0x000002078a32f630, 0x000002078a32fcc0, 0x000002078a32c840,
0x000002078a330350, 0x000002078a32e280, 0x000002078a3309e0, 0x000002078a331070,
0x000002078a331700, 0x000002078445eb20, 0x000002078445f1b0, 0x0000020784461910,
0x000002078445e490, 0x0000020784462cc0, 0x0000020784461fa0, 0x0000020784463350,
0x0000020784464070, 0x0000020784464700, 0x0000020784462630, 0x00000207844639e0,
0x000002078a3538f0, 0x000002078a357a90, 0x000002078a354610, 0x000002078a358120,
0x000002078a358e40, 0x000002078a35af10, 0x000002078a3594d0, 0x000002078a359b60,
0x0000020787ab2b70, 0x0000020787ab3200, 0x0000020787ab24e0, 0x0000020787ab0410,
0x0000020787ab0aa0, 0x0000020787ab1130, 0x0000020787ab17c0, 0x0000020787ab5960,
0x00000207878a88d0, 0x00000207878a8f60, 0x00000207878a95f0, 0x00000207878a6170,
0x00000207878a9c80, 0x00000207878aa9a0, 0x000002078a32d560, 0x000002078a32efa0,
0x000002078a32c1b0, 0x000002078a331d90, 0x000002079d0e99d0, 0x000002079d0ea060,
0x000002079d0e7f90, 0x000002079d0e8620, 0x000002079d0ebaa0, 0x000002079d0ec130,
0x000002079d0e8cb0, 0x000002079d0ef5b0, 0x000002079d0edb70, 0x000002079d0efc40,
0x000002079d0ec7c0, 0x000002079d0f02d0, 0x000002079d0ece50, 0x000002079d0f0960,
0x000002079d0ee200, 0x00000207840da030, 0x00000207878d8910, 0x00000207878d74a0,
0x000002079d0ee890, 0x000002079d0eef20, 0x000002079d0ed4e0, 0x000002079d0f3750,
0x000002079d0f3de0, 0x000002079d0f1d10, 0x000002079d0f4470, 0x000002079d0f0ff0,
0x000002079d0f23a0, 0x000002079d0f2a30, 0x000002079d0f1680, 0x000002079d0f5190,
0x000002079d0f5820, 0x000002079d0f5eb0, 0x000002079d0f30c0, 0x000002078c0f13f0,
0x000002078c0f1ac0
}

Java Threads: ( => current thread )
  0x00000207e4e04f60 JavaThread "main"                              [_thread_blocked, id=23688, stack(0x00000013c5200000,0x00000013c5300000) (1024K)]
  0x00000207ff351a10 JavaThread "Reference Handler"          daemon [_thread_blocked, id=22088, stack(0x00000013c5a00000,0x00000013c5b00000) (1024K)]
  0x00000207ff355590 JavaThread "Finalizer"                  daemon [_thread_blocked, id=10344, stack(0x00000013c5b00000,0x00000013c5c00000) (1024K)]
  0x00000207ff35ecc0 JavaThread "Signal Dispatcher"          daemon [_thread_blocked, id=13764, stack(0x00000013c5c00000,0x00000013c5d00000) (1024K)]
  0x00000207ff35f720 JavaThread "Attach Listener"            daemon [_thread_blocked, id=8636, stack(0x00000013c5d00000,0x00000013c5e00000) (1024K)]
  0x00000207ff360180 JavaThread "Service Thread"             daemon [_thread_blocked, id=5012, stack(0x00000013c5e00000,0x00000013c5f00000) (1024K)]
  0x00000207ff33c120 JavaThread "Monitor Deflation Thread"   daemon [_thread_blocked, id=25564, stack(0x00000013c5f00000,0x00000013c6000000) (1024K)]
  0x00000207ff33c790 JavaThread "C2 CompilerThread0"         daemon [_thread_in_native, id=25052, stack(0x00000013c6000000,0x00000013c6100000) (1024K)]
  0x00000207ff360fd0 JavaThread "C1 CompilerThread0"         daemon [_thread_in_native, id=508, stack(0x00000013c6100000,0x00000013c6200000) (1024K)]
  0x00000207ff4ac8a0 JavaThread "Common-Cleaner"             daemon [_thread_blocked, id=21632, stack(0x00000013c6200000,0x00000013c6300000) (1024K)]
  0x00000207ff62a2c0 JavaThread "Notification Thread"        daemon [_thread_blocked, id=21844, stack(0x00000013c6500000,0x00000013c6600000) (1024K)]
  0x0000020785d33e40 JavaThread "Daemon health stats"               [_thread_blocked, id=11332, stack(0x00000013c6f00000,0x00000013c7000000) (1024K)]
  0x0000020785c77690 JavaThread "Incoming local TCP Connector on port 58214"        [_thread_in_native, id=13212, stack(0x00000013c7000000,0x00000013c7100000) (1024K)]
  0x0000020785c72cf0 JavaThread "Daemon periodic checks"            [_thread_blocked, id=22052, stack(0x00000013c7100000,0x00000013c7200000) (1024K)]
  0x0000020785d8bbd0 JavaThread "Daemon"                            [_thread_blocked, id=9532, stack(0x00000013c7200000,0x00000013c7300000) (1024K)]
  0x0000020786477230 JavaThread "Handler for socket connection from /127.0.0.1:58214 to /127.0.0.1:58215"        [_thread_in_native, id=24640, stack(0x00000013c7300000,0x00000013c7400000) (1024K)]
  0x00000207861a49d0 JavaThread "Cancel handler"                    [_thread_blocked, id=21736, stack(0x00000013c7400000,0x00000013c7500000) (1024K)]
  0x0000020785f21a00 JavaThread "Daemon worker"                     [_thread_blocked, id=17108, stack(0x00000013c7500000,0x00000013c7600000) (1024K)]
  0x0000020785f247f0 JavaThread "Asynchronous log dispatcher for DefaultDaemonConnection: socket connection from /127.0.0.1:58214 to /127.0.0.1:58215"        [_thread_blocked, id=24220, stack(0x00000013c7600000,0x00000013c7700000) (1024K)]
  0x0000020785f22090 JavaThread "Stdin handler"                     [_thread_blocked, id=14984, stack(0x00000013c7700000,0x00000013c7800000) (1024K)]
  0x0000020785f23440 JavaThread "Daemon client event forwarder"        [_thread_blocked, id=7900, stack(0x00000013c7800000,0x00000013c7900000) (1024K)]
  0x0000020785f23ad0 JavaThread "Cache worker for journal cache (C:\Users\Admin\.gradle\caches\journal-1)"        [_thread_blocked, id=23080, stack(0x00000013c8200000,0x00000013c8300000) (1024K)]
  0x0000020785f22db0 JavaThread "File lock request listener"        [_thread_in_native, id=3848, stack(0x00000013c8300000,0x00000013c8400000) (1024K)]
  0x0000020785f22720 JavaThread "Cache worker for file hash cache (C:\Users\Admin\.gradle\caches\8.9\fileHashes)"        [_thread_blocked, id=13184, stack(0x00000013c8400000,0x00000013c8500000) (1024K)]
  0x0000020785f24e80 JavaThread "Cache worker for file hash cache (C:\Users\Admin\Desktop\nimuu\Test\.gradle\8.9\fileHashes)"        [_thread_blocked, id=22360, stack(0x00000013c8500000,0x00000013c8600000) (1024K)]
  0x00000207892c5ec0 JavaThread "Cache worker for Build Output Cleanup Cache (C:\Users\Admin\Desktop\nimuu\Test\.gradle\buildOutputCleanup)"        [_thread_blocked, id=14460, stack(0x00000013c8600000,0x00000013c8700000) (1024K)]
  0x00000207892c6be0 JavaThread "File watcher server"        daemon [_thread_in_native, id=23340, stack(0x00000013c8700000,0x00000013c8800000) (1024K)]
  0x00000207892c51a0 JavaThread "File watcher consumer"      daemon [_thread_blocked, id=21044, stack(0x00000013c8800000,0x00000013c8900000) (1024K)]
  0x00000207892c4480 JavaThread "jar transforms"                    [_thread_blocked, id=10596, stack(0x00000013c6600000,0x00000013c6700000) (1024K)]
  0x00000207892c4b10 JavaThread "jar transforms Thread 2"           [_thread_blocked, id=24976, stack(0x00000013c6700000,0x00000013c6800000) (1024K)]
  0x00000207892c8620 JavaThread "jar transforms Thread 3"           [_thread_blocked, id=25096, stack(0x00000013c6800000,0x00000013c6900000) (1024K)]
  0x00000207892c5830 JavaThread "jar transforms Thread 4"           [_thread_blocked, id=23640, stack(0x00000013c8900000,0x00000013c8a00000) (1024K)]
  0x00000207892c6550 JavaThread "jar transforms Thread 5"           [_thread_blocked, id=23060, stack(0x00000013c8a00000,0x00000013c8b00000) (1024K)]
  0x00000207892c8cb0 JavaThread "jar transforms Thread 6"           [_thread_blocked, id=9504, stack(0x00000013c8b00000,0x00000013c8c00000) (1024K)]
  0x00000207892c9340 JavaThread "jar transforms Thread 7"           [_thread_blocked, id=13576, stack(0x00000013c8c00000,0x00000013c8d00000) (1024K)]
  0x00000207892c7270 JavaThread "jar transforms Thread 8"           [_thread_blocked, id=5060, stack(0x00000013c8d00000,0x00000013c8e00000) (1024K)]
  0x00000207892ca6f0 JavaThread "jar transforms Thread 9"           [_thread_blocked, id=23652, stack(0x00000013c8e00000,0x00000013c8f00000) (1024K)]
  0x00000207892cad80 JavaThread "jar transforms Thread 10"          [_thread_blocked, id=25460, stack(0x00000013c8f00000,0x00000013c9000000) (1024K)]
  0x00000207892c7900 JavaThread "jar transforms Thread 11"          [_thread_blocked, id=7892, stack(0x00000013c9000000,0x00000013c9100000) (1024K)]
  0x00000207892cb410 JavaThread "jar transforms Thread 12"          [_thread_blocked, id=13904, stack(0x00000013c9100000,0x00000013c9200000) (1024K)]
  0x00000207892c99d0 JavaThread "jar transforms Thread 13"          [_thread_blocked, id=15136, stack(0x00000013c9200000,0x00000013c9300000) (1024K)]
  0x00000207892c7f90 JavaThread "jar transforms Thread 14"          [_thread_blocked, id=22696, stack(0x00000013c9300000,0x00000013c9400000) (1024K)]
  0x00000207892cbaa0 JavaThread "jar transforms Thread 15"          [_thread_blocked, id=17604, stack(0x00000013c9400000,0x00000013c9500000) (1024K)]
  0x00000207892ca060 JavaThread "jar transforms Thread 16"          [_thread_blocked, id=21192, stack(0x00000013c9500000,0x00000013c9600000) (1024K)]
  0x0000020788172a30 JavaThread "Cache worker for checksums cache (C:\Users\Admin\Desktop\nimuu\Test\.gradle\8.9\checksums)"        [_thread_blocked, id=3188, stack(0x00000013c9800000,0x00000013c9900000) (1024K)]
  0x0000020788170ff0 JavaThread "Cache worker for file content cache (C:\Users\Admin\.gradle\caches\8.9\fileContent)"        [_thread_blocked, id=23880, stack(0x00000013c9900000,0x00000013c9a00000) (1024K)]
  0x0000020788171d10 JavaThread "Cache worker for cache directory md-rule (C:\Users\Admin\.gradle\caches\8.9\md-rule)"        [_thread_blocked, id=19212, stack(0x00000013c9a00000,0x00000013c9b00000) (1024K)]
  0x00000207881723a0 JavaThread "Cache worker for cache directory md-supplier (C:\Users\Admin\.gradle\caches\8.9\md-supplier)"        [_thread_blocked, id=12952, stack(0x00000013c9b00000,0x00000013c9c00000) (1024K)]
  0x0000020788174b00 JavaThread "Unconstrained build operations"        [_thread_blocked, id=2332, stack(0x00000013c9e00000,0x00000013c9f00000) (1024K)]
  0x0000020788171680 JavaThread "Unconstrained build operations Thread 2"        [_thread_blocked, id=19484, stack(0x00000013c9f00000,0x00000013ca000000) (1024K)]
  0x0000020788175820 JavaThread "Unconstrained build operations Thread 3"        [_thread_blocked, id=7088, stack(0x00000013ca000000,0x00000013ca100000) (1024K)]
  0x0000020788175190 JavaThread "Unconstrained build operations Thread 4"        [_thread_blocked, id=23856, stack(0x00000013ca100000,0x00000013ca200000) (1024K)]
  0x0000020788178610 JavaThread "Unconstrained build operations Thread 5"        [_thread_blocked, id=16768, stack(0x00000013c9d00000,0x00000013c9e00000) (1024K)]
  0x00000207881778f0 JavaThread "Unconstrained build operations Thread 6"        [_thread_blocked, id=23088, stack(0x00000013ca200000,0x00000013ca300000) (1024K)]
  0x000002078a32dbf0 JavaThread "Unconstrained build operations Thread 7"        [_thread_blocked, id=21596, stack(0x00000013ca300000,0x00000013ca400000) (1024K)]
  0x000002078a32ae00 JavaThread "Unconstrained build operations Thread 8"        [_thread_blocked, id=23336, stack(0x00000013ca400000,0x00000013ca500000) (1024K)]
  0x000002078a32b490 JavaThread "Unconstrained build operations Thread 9"        [_thread_blocked, id=12944, stack(0x00000013ca500000,0x00000013ca600000) (1024K)]
  0x000002078a32a770 JavaThread "Unconstrained build operations Thread 10"        [_thread_blocked, id=4256, stack(0x00000013ca600000,0x00000013ca700000) (1024K)]
  0x000002078a32e910 JavaThread "Unconstrained build operations Thread 11"        [_thread_blocked, id=13540, stack(0x00000013ca700000,0x00000013ca800000) (1024K)]
  0x000002078a32ced0 JavaThread "Unconstrained build operations Thread 12"        [_thread_blocked, id=1336, stack(0x00000013ca800000,0x00000013ca900000) (1024K)]
  0x000002078a32bb20 JavaThread "Unconstrained build operations Thread 13"        [_thread_blocked, id=9452, stack(0x00000013c6e00000,0x00000013c6f00000) (1024K)]
  0x000002078a32f630 JavaThread "Unconstrained build operations Thread 14"        [_thread_blocked, id=748, stack(0x00000013c9c00000,0x00000013c9d00000) (1024K)]
  0x000002078a32fcc0 JavaThread "Unconstrained build operations Thread 15"        [_thread_blocked, id=11488, stack(0x00000013ca900000,0x00000013caa00000) (1024K)]
  0x000002078a32c840 JavaThread "Unconstrained build operations Thread 16"        [_thread_blocked, id=7712, stack(0x00000013caa00000,0x00000013cab00000) (1024K)]
  0x000002078a330350 JavaThread "Unconstrained build operations Thread 17"        [_thread_blocked, id=25520, stack(0x00000013cab00000,0x00000013cac00000) (1024K)]
  0x000002078a32e280 JavaThread "Unconstrained build operations Thread 18"        [_thread_blocked, id=25428, stack(0x00000013cac00000,0x00000013cad00000) (1024K)]
  0x000002078a3309e0 JavaThread "Unconstrained build operations Thread 19"        [_thread_blocked, id=7268, stack(0x00000013cad00000,0x00000013cae00000) (1024K)]
  0x000002078a331070 JavaThread "Unconstrained build operations Thread 20"        [_thread_blocked, id=3212, stack(0x00000013cae00000,0x00000013caf00000) (1024K)]
  0x000002078a331700 JavaThread "Unconstrained build operations Thread 21"        [_thread_blocked, id=23720, stack(0x00000013caf00000,0x00000013cb000000) (1024K)]
  0x000002078445eb20 JavaThread "Kotlin DSL Writer"                 [_thread_blocked, id=12728, stack(0x00000013c9600000,0x00000013c9700000) (1024K)]
  0x000002078445f1b0 JavaThread "Unconstrained build operations Thread 22"        [_thread_blocked, id=21956, stack(0x00000013cb000000,0x00000013cb100000) (1024K)]
  0x0000020784461910 JavaThread "Unconstrained build operations Thread 23"        [_thread_blocked, id=23328, stack(0x00000013cb100000,0x00000013cb200000) (1024K)]
  0x000002078445e490 JavaThread "Unconstrained build operations Thread 24"        [_thread_blocked, id=22412, stack(0x00000013cb300000,0x00000013cb400000) (1024K)]
  0x0000020784462cc0 JavaThread "Unconstrained build operations Thread 25"        [_thread_blocked, id=22416, stack(0x00000013cb400000,0x00000013cb500000) (1024K)]
  0x0000020784461fa0 JavaThread "Unconstrained build operations Thread 26"        [_thread_blocked, id=24648, stack(0x00000013cb500000,0x00000013cb600000) (1024K)]
  0x0000020784463350 JavaThread "Unconstrained build operations Thread 27"        [_thread_blocked, id=6576, stack(0x00000013cb600000,0x00000013cb700000) (1024K)]
  0x0000020784464070 JavaThread "Unconstrained build operations Thread 28"        [_thread_blocked, id=8792, stack(0x00000013cb700000,0x00000013cb800000) (1024K)]
  0x0000020784464700 JavaThread "Unconstrained build operations Thread 29"        [_thread_blocked, id=22744, stack(0x00000013cb800000,0x00000013cb900000) (1024K)]
  0x0000020784462630 JavaThread "Unconstrained build operations Thread 30"        [_thread_blocked, id=22620, stack(0x00000013cb900000,0x00000013cba00000) (1024K)]
  0x00000207844639e0 JavaThread "Unconstrained build operations Thread 31"        [_thread_blocked, id=12072, stack(0x00000013cba00000,0x00000013cbb00000) (1024K)]
  0x000002078a3538f0 JavaThread "Unconstrained build operations Thread 32"        [_thread_blocked, id=22300, stack(0x00000013cbb00000,0x00000013cbc00000) (1024K)]
  0x000002078a357a90 JavaThread "Unconstrained build operations Thread 33"        [_thread_blocked, id=20732, stack(0x00000013cbc00000,0x00000013cbd00000) (1024K)]
  0x000002078a354610 JavaThread "Unconstrained build operations Thread 34"        [_thread_blocked, id=23024, stack(0x00000013cbd00000,0x00000013cbe00000) (1024K)]
  0x000002078a358120 JavaThread "Unconstrained build operations Thread 35"        [_thread_blocked, id=22488, stack(0x00000013cbe00000,0x00000013cbf00000) (1024K)]
  0x000002078a358e40 JavaThread "Unconstrained build operations Thread 36"        [_thread_blocked, id=17124, stack(0x00000013cbf00000,0x00000013cc000000) (1024K)]
  0x000002078a35af10 JavaThread "Unconstrained build operations Thread 37"        [_thread_blocked, id=14332, stack(0x00000013c9700000,0x00000013c9800000) (1024K)]
  0x000002078a3594d0 JavaThread "Unconstrained build operations Thread 38"        [_thread_blocked, id=11844, stack(0x00000013cc000000,0x00000013cc100000) (1024K)]
  0x000002078a359b60 JavaThread "Unconstrained build operations Thread 39"        [_thread_blocked, id=15976, stack(0x00000013cc100000,0x00000013cc200000) (1024K)]
  0x0000020787ab2b70 JavaThread "Unconstrained build operations Thread 40"        [_thread_blocked, id=3752, stack(0x00000013cc200000,0x00000013cc300000) (1024K)]
  0x0000020787ab3200 JavaThread "Unconstrained build operations Thread 41"        [_thread_blocked, id=13900, stack(0x00000013cc300000,0x00000013cc400000) (1024K)]
  0x0000020787ab24e0 JavaThread "Unconstrained build operations Thread 42"        [_thread_blocked, id=5376, stack(0x00000013cc400000,0x00000013cc500000) (1024K)]
  0x0000020787ab0410 JavaThread "Unconstrained build operations Thread 43"        [_thread_blocked, id=14836, stack(0x00000013cc700000,0x00000013cc800000) (1024K)]
  0x0000020787ab0aa0 JavaThread "Unconstrained build operations Thread 44"        [_thread_blocked, id=24908, stack(0x00000013cc800000,0x00000013cc900000) (1024K)]
  0x0000020787ab1130 JavaThread "Unconstrained build operations Thread 45"        [_thread_blocked, id=24084, stack(0x00000013cc900000,0x00000013cca00000) (1024K)]
  0x0000020787ab17c0 JavaThread "Unconstrained build operations Thread 46"        [_thread_blocked, id=22688, stack(0x00000013cca00000,0x00000013ccb00000) (1024K)]
  0x0000020787ab5960 JavaThread "Unconstrained build operations Thread 47"        [_thread_blocked, id=24920, stack(0x00000013ccb00000,0x00000013ccc00000) (1024K)]
  0x00000207878a88d0 JavaThread "Unconstrained build operations Thread 48"        [_thread_blocked, id=16580, stack(0x00000013ccc00000,0x00000013ccd00000) (1024K)]
  0x00000207878a8f60 JavaThread "Unconstrained build operations Thread 49"        [_thread_blocked, id=9560, stack(0x00000013ccd00000,0x00000013cce00000) (1024K)]
  0x00000207878a95f0 JavaThread "Unconstrained build operations Thread 50"        [_thread_blocked, id=12272, stack(0x00000013cce00000,0x00000013ccf00000) (1024K)]
  0x00000207878a6170 JavaThread "Unconstrained build operations Thread 51"        [_thread_blocked, id=3664, stack(0x00000013ccf00000,0x00000013cd000000) (1024K)]
  0x00000207878a9c80 JavaThread "Unconstrained build operations Thread 52"        [_thread_blocked, id=8004, stack(0x00000013cd000000,0x00000013cd100000) (1024K)]
  0x00000207878aa9a0 JavaThread "Unconstrained build operations Thread 53"        [_thread_blocked, id=9960, stack(0x00000013cd100000,0x00000013cd200000) (1024K)]
  0x000002078a32d560 JavaThread "Unconstrained build operations Thread 54"        [_thread_blocked, id=22916, stack(0x00000013cd200000,0x00000013cd300000) (1024K)]
  0x000002078a32efa0 JavaThread "Unconstrained build operations Thread 55"        [_thread_blocked, id=24592, stack(0x00000013cd300000,0x00000013cd400000) (1024K)]
  0x000002078a32c1b0 JavaThread "Unconstrained build operations Thread 56"        [_thread_blocked, id=12428, stack(0x00000013cd400000,0x00000013cd500000) (1024K)]
  0x000002078a331d90 JavaThread "Unconstrained build operations Thread 57"        [_thread_blocked, id=21508, stack(0x00000013cd500000,0x00000013cd600000) (1024K)]
  0x000002079d0e99d0 JavaThread "Unconstrained build operations Thread 58"        [_thread_blocked, id=5916, stack(0x00000013cc600000,0x00000013cc700000) (1024K)]
  0x000002079d0ea060 JavaThread "Unconstrained build operations Thread 59"        [_thread_blocked, id=23204, stack(0x00000013cd600000,0x00000013cd700000) (1024K)]
  0x000002079d0e7f90 JavaThread "Unconstrained build operations Thread 60"        [_thread_blocked, id=1076, stack(0x00000013cd700000,0x00000013cd800000) (1024K)]
  0x000002079d0e8620 JavaThread "Unconstrained build operations Thread 61"        [_thread_blocked, id=8368, stack(0x00000013cd900000,0x00000013cda00000) (1024K)]
  0x000002079d0ebaa0 JavaThread "Unconstrained build operations Thread 62"        [_thread_blocked, id=8820, stack(0x00000013cda00000,0x00000013cdb00000) (1024K)]
  0x000002079d0ec130 JavaThread "Unconstrained build operations Thread 63"        [_thread_blocked, id=9320, stack(0x00000013cdb00000,0x00000013cdc00000) (1024K)]
  0x000002079d0e8cb0 JavaThread "Unconstrained build operations Thread 64"        [_thread_blocked, id=4196, stack(0x00000013cdc00000,0x00000013cdd00000) (1024K)]
  0x000002079d0ef5b0 JavaThread "Unconstrained build operations Thread 65"        [_thread_blocked, id=23940, stack(0x00000013cdd00000,0x00000013cde00000) (1024K)]
  0x000002079d0edb70 JavaThread "Unconstrained build operations Thread 66"        [_thread_blocked, id=23132, stack(0x00000013cde00000,0x00000013cdf00000) (1024K)]
  0x000002079d0efc40 JavaThread "Unconstrained build operations Thread 67"        [_thread_blocked, id=24028, stack(0x00000013cdf00000,0x00000013ce000000) (1024K)]
  0x000002079d0ec7c0 JavaThread "Unconstrained build operations Thread 68"        [_thread_blocked, id=7788, stack(0x00000013ce000000,0x00000013ce100000) (1024K)]
  0x000002079d0f02d0 JavaThread "Unconstrained build operations Thread 69"        [_thread_blocked, id=11080, stack(0x00000013ce100000,0x00000013ce200000) (1024K)]
  0x000002079d0ece50 JavaThread "Unconstrained build operations Thread 70"        [_thread_blocked, id=18408, stack(0x00000013ce200000,0x00000013ce300000) (1024K)]
  0x000002079d0f0960 JavaThread "Unconstrained build operations Thread 71"        [_thread_blocked, id=7472, stack(0x00000013ce300000,0x00000013ce400000) (1024K)]
  0x000002079d0ee200 JavaThread "Unconstrained build operations Thread 72"        [_thread_blocked, id=21940, stack(0x00000013ce400000,0x00000013ce500000) (1024K)]
  0x00000207840da030 JavaThread "C2 CompilerThread1"         daemon [_thread_in_native, id=14104, stack(0x00000013c6400000,0x00000013c6500000) (1024K)]
=>0x00000207878d8910 JavaThread "C2 CompilerThread2"         daemon [_thread_in_native, id=8444, stack(0x00000013cc500000,0x00000013cc600000) (1024K)]
  0x00000207878d74a0 JavaThread "C2 CompilerThread3"         daemon [_thread_in_native, id=22944, stack(0x00000013cd800000,0x00000013cd900000) (1024K)]
  0x000002079d0ee890 JavaThread "Unconstrained build operations Thread 73"        [_thread_blocked, id=8180, stack(0x00000013ce500000,0x00000013ce600000) (1024K)]
  0x000002079d0eef20 JavaThread "Unconstrained build operations Thread 74"        [_thread_blocked, id=2668, stack(0x00000013ce600000,0x00000013ce700000) (1024K)]
  0x000002079d0ed4e0 JavaThread "Unconstrained build operations Thread 75"        [_thread_blocked, id=19560, stack(0x00000013ce700000,0x00000013ce800000) (1024K)]
  0x000002079d0f3750 JavaThread "Unconstrained build operations Thread 76"        [_thread_blocked, id=24104, stack(0x00000013ce800000,0x00000013ce900000) (1024K)]
  0x000002079d0f3de0 JavaThread "Unconstrained build operations Thread 77"        [_thread_blocked, id=23152, stack(0x00000013ce900000,0x00000013cea00000) (1024K)]
  0x000002079d0f1d10 JavaThread "Unconstrained build operations Thread 78"        [_thread_blocked, id=14320, stack(0x00000013cea00000,0x00000013ceb00000) (1024K)]
  0x000002079d0f4470 JavaThread "Unconstrained build operations Thread 79"        [_thread_blocked, id=8604, stack(0x00000013ceb00000,0x00000013cec00000) (1024K)]
  0x000002079d0f0ff0 JavaThread "Unconstrained build operations Thread 80"        [_thread_blocked, id=7028, stack(0x00000013cec00000,0x00000013ced00000) (1024K)]
  0x000002079d0f23a0 JavaThread "Unconstrained build operations Thread 81"        [_thread_blocked, id=24756, stack(0x00000013ced00000,0x00000013cee00000) (1024K)]
  0x000002079d0f2a30 JavaThread "Unconstrained build operations Thread 82"        [_thread_blocked, id=24248, stack(0x00000013cee00000,0x00000013cef00000) (1024K)]
  0x000002079d0f1680 JavaThread "Unconstrained build operations Thread 83"        [_thread_blocked, id=9752, stack(0x00000013cef00000,0x00000013cf000000) (1024K)]
  0x000002079d0f5190 JavaThread "Unconstrained build operations Thread 84"        [_thread_in_Java, id=14324, stack(0x00000013cf000000,0x00000013cf100000) (1024K)]
  0x000002079d0f5820 JavaThread "Unconstrained build operations Thread 85"        [_thread_blocked, id=15888, stack(0x00000013cf100000,0x00000013cf200000) (1024K)]
  0x000002079d0f5eb0 JavaThread "Unconstrained build operations Thread 86"        [_thread_blocked, id=24960, stack(0x00000013cf200000,0x00000013cf300000) (1024K)]
  0x000002079d0f30c0 JavaThread "Unconstrained build operations Thread 87"        [_thread_blocked, id=24616, stack(0x00000013cf300000,0x00000013cf400000) (1024K)]
  0x000002078c0f13f0 JavaThread "C2 CompilerThread4"         daemon [_thread_in_native, id=13732, stack(0x00000013cf400000,0x00000013cf500000) (1024K)]
  0x000002078c0f1ac0 JavaThread "C2 CompilerThread5"         daemon [_thread_in_native, id=14712, stack(0x00000013cf500000,0x00000013cf600000) (1024K)]
Total: 141

Other Threads:
  0x00000207ff22ebb0 VMThread "VM Thread"                           [id=12504, stack(0x00000013c5900000,0x00000013c5a00000) (1024K)]
  0x00000207ff2b09d0 WatcherThread "VM Periodic Task Thread"        [id=4792, stack(0x00000013c5800000,0x00000013c5900000) (1024K)]
  0x00000207e50b2b30 WorkerThread "GC Thread#0"                     [id=7152, stack(0x00000013c5300000,0x00000013c5400000) (1024K)]
  0x0000020784ab8100 WorkerThread "GC Thread#1"                     [id=13420, stack(0x00000013c6900000,0x00000013c6a00000) (1024K)]
  0x0000020784ab84a0 WorkerThread "GC Thread#2"                     [id=11756, stack(0x00000013c6a00000,0x00000013c6b00000) (1024K)]
  0x0000020784ab8840 WorkerThread "GC Thread#3"                     [id=24596, stack(0x00000013c6b00000,0x00000013c6c00000) (1024K)]
  0x00000207849c6420 WorkerThread "GC Thread#4"                     [id=12168, stack(0x00000013c6c00000,0x00000013c6d00000) (1024K)]
  0x00000207849c67c0 WorkerThread "GC Thread#5"                     [id=24572, stack(0x00000013c6d00000,0x00000013c6e00000) (1024K)]
  0x0000020785d7ce60 WorkerThread "GC Thread#6"                     [id=18232, stack(0x00000013c7900000,0x00000013c7a00000) (1024K)]
  0x0000020785d7ea30 WorkerThread "GC Thread#7"                     [id=14960, stack(0x00000013c7a00000,0x00000013c7b00000) (1024K)]
  0x0000020785d7edd0 WorkerThread "GC Thread#8"                     [id=21696, stack(0x00000013c7b00000,0x00000013c7c00000) (1024K)]
  0x0000020785f2c170 WorkerThread "GC Thread#9"                     [id=24816, stack(0x00000013c7c00000,0x00000013c7d00000) (1024K)]
  0x0000020785f2c8b0 WorkerThread "GC Thread#10"                    [id=6612, stack(0x00000013c7d00000,0x00000013c7e00000) (1024K)]
  0x0000020785f2bdd0 WorkerThread "GC Thread#11"                    [id=6624, stack(0x00000013c7e00000,0x00000013c7f00000) (1024K)]
  0x0000020785f2cc50 WorkerThread "GC Thread#12"                    [id=8244, stack(0x00000013c7f00000,0x00000013c8000000) (1024K)]
  0x00000207e50c3a20 ConcurrentGCThread "G1 Main Marker"            [id=5024, stack(0x00000013c5400000,0x00000013c5500000) (1024K)]
  0x00000207e50c4430 WorkerThread "G1 Conc#0"                       [id=9200, stack(0x00000013c5500000,0x00000013c5600000) (1024K)]
  0x0000020785f2c510 WorkerThread "G1 Conc#1"                       [id=9808, stack(0x00000013c8000000,0x00000013c8100000) (1024K)]
  0x0000020785f2d390 WorkerThread "G1 Conc#2"                       [id=25512, stack(0x00000013c8100000,0x00000013c8200000) (1024K)]
  0x00000207ff114b80 ConcurrentGCThread "G1 Refine#0"               [id=9372, stack(0x00000013c5600000,0x00000013c5700000) (1024K)]
  0x00000207ff1164b0 ConcurrentGCThread "G1 Service"                [id=25376, stack(0x00000013c5700000,0x00000013c5800000) (1024K)]
Total: 21

Threads with active compile tasks:
C2 CompilerThread0    53771 24252 %     4       org.gradle.internal.serialize.MapSerializer::read @ 19 (68 bytes)
C2 CompilerThread1    53771 24201       4       org.gradle.internal.serialize.AbstractCollectionSerializer::read (6 bytes)
C2 CompilerThread2    53771 24199       4       org.gradle.internal.serialize.HierarchicalNameSerializer::read (6 bytes)
C2 CompilerThread3    53771 24276       4       java.util.HashMap::merge (346 bytes)
C2 CompilerThread4    53771 24269 %     4       com.google.common.collect.MapMakerInternalMap$Segment::expand @ 56 (276 bytes)
C2 CompilerThread5    53771 24194       4       org.gradle.internal.serialize.HierarchicalNameSerializer::readFirstOccurrenceOfName (60 bytes)
Total: 6

VM state: not at safepoint (normal execution)

VM Mutex/Monitor currently owned by a thread: None

Heap address: 0x0000000080000000, size: 2048 MB, Compressed Oops mode: 32-bit

CDS archive(s) not mapped
Compressed class space mapped at: 0x0000000100000000-0x0000000140000000, reserved size: 1073741824
Narrow klass base: 0x0000000000000000, Narrow klass shift: 3, Narrow klass range: 0x140000000

GC Precious Log:
 CardTable entry size: 512
 Card Set container configuration: InlinePtr #cards 5 size 8 Array Of Cards #cards 12 size 40 Howl #buckets 4 coarsen threshold 1843 Howl Bitmap #cards 512 size 80 coarsen threshold 460 Card regions per heap region 1 cards per card region 2048
 CPUs: 16 total, 16 available
 Memory: 16088M
 Large Page Support: Disabled
 NUMA Support: Disabled
 Compressed Oops: Enabled (32-bit)
 Heap Region Size: 1M
 Heap Min Capacity: 8M
 Heap Initial Capacity: 252M
 Heap Max Capacity: 2G
 Pre-touch: Disabled
 Parallel Workers: 13
 Concurrent Workers: 3
 Concurrent Refinement Workers: 13
 Periodic GC: Disabled

Heap:
 garbage-first heap   total 601088K, used 417630K [0x0000000080000000, 0x0000000100000000)
  region size 1024K, 178 young (182272K), 35 survivors (35840K)
 Metaspace       used 164327K, committed 166592K, reserved 1245184K
  class space    used 20634K, committed 21760K, reserved 1048576K

Heap Regions: E=young(eden), S=young(survivor), O=old, HS=humongous(starts), HC=humongous(continues), CS=collection set, F=free, TAMS=top-at-mark-start, PB=parsable bottom
|   0|0x0000000080000000, 0x0000000080100000, 0x0000000080100000|100%|HS|  |TAMS 0x0000000080000000| PB 0x0000000080000000| Complete 
|   1|0x0000000080100000, 0x0000000080200000, 0x0000000080200000|100%|HC|  |TAMS 0x0000000080100000| PB 0x0000000080100000| Complete 
|   2|0x0000000080200000, 0x0000000080300000, 0x0000000080300000|100%|HC|  |TAMS 0x0000000080200000| PB 0x0000000080200000| Complete 
|   3|0x0000000080300000, 0x0000000080400000, 0x0000000080400000|100%|HC|  |TAMS 0x0000000080300000| PB 0x0000000080300000| Complete 
|   4|0x0000000080400000, 0x0000000080500000, 0x0000000080500000|100%| O|  |TAMS 0x0000000080400000| PB 0x0000000080400000| Untracked 
|   5|0x0000000080500000, 0x0000000080600000, 0x0000000080600000|100%| O|  |TAMS 0x0000000080500000| PB 0x0000000080500000| Untracked 
|   6|0x0000000080600000, 0x0000000080700000, 0x0000000080700000|100%| O|  |TAMS 0x0000000080600000| PB 0x0000000080600000| Untracked 
|   7|0x0000000080700000, 0x0000000080800000, 0x0000000080800000|100%| O|  |TAMS 0x0000000080700000| PB 0x0000000080700000| Untracked 
|   8|0x0000000080800000, 0x0000000080900000, 0x0000000080900000|100%| O|  |TAMS 0x0000000080800000| PB 0x0000000080800000| Untracked 
|   9|0x0000000080900000, 0x0000000080a00000, 0x0000000080a00000|100%| O|  |TAMS 0x0000000080900000| PB 0x0000000080900000| Untracked 
|  10|0x0000000080a00000, 0x0000000080b00000, 0x0000000080b00000|100%|HS|  |TAMS 0x0000000080a00000| PB 0x0000000080a00000| Complete 
|  11|0x0000000080b00000, 0x0000000080c00000, 0x0000000080c00000|100%|HS|  |TAMS 0x0000000080b00000| PB 0x0000000080b00000| Complete 
|  12|0x0000000080c00000, 0x0000000080d00000, 0x0000000080d00000|100%|HS|  |TAMS 0x0000000080c00000| PB 0x0000000080c00000| Complete 
|  13|0x0000000080d00000, 0x0000000080e00000, 0x0000000080e00000|100%|HC|  |TAMS 0x0000000080d00000| PB 0x0000000080d00000| Complete 
|  14|0x0000000080e00000, 0x0000000080f00000, 0x0000000080f00000|100%|HC|  |TAMS 0x0000000080e00000| PB 0x0000000080e00000| Complete 
|  15|0x0000000080f00000, 0x0000000081000000, 0x0000000081000000|100%|HC|  |TAMS 0x0000000080f00000| PB 0x0000000080f00000| Complete 
|  16|0x0000000081000000, 0x0000000081100000, 0x0000000081100000|100%|HC|  |TAMS 0x0000000081000000| PB 0x0000000081000000| Complete 
|  17|0x0000000081100000, 0x0000000081200000, 0x0000000081200000|100%|HC|  |TAMS 0x0000000081100000| PB 0x0000000081100000| Complete 
|  18|0x0000000081200000, 0x0000000081300000, 0x0000000081300000|100%|HS|  |TAMS 0x0000000081200000| PB 0x0000000081200000| Complete 
|  19|0x0000000081300000, 0x0000000081400000, 0x0000000081400000|100%|HC|  |TAMS 0x0000000081300000| PB 0x0000000081300000| Complete 
|  20|0x0000000081400000, 0x0000000081500000, 0x0000000081500000|100%|HC|  |TAMS 0x0000000081400000| PB 0x0000000081400000| Complete 
|  21|0x0000000081500000, 0x0000000081600000, 0x0000000081600000|100%|HS|  |TAMS 0x0000000081500000| PB 0x0000000081500000| Complete 
|  22|0x0000000081600000, 0x0000000081700000, 0x0000000081700000|100%|HC|  |TAMS 0x0000000081600000| PB 0x0000000081600000| Complete 
|  23|0x0000000081700000, 0x0000000081800000, 0x0000000081800000|100%| O|  |TAMS 0x0000000081700000| PB 0x0000000081700000| Untracked 
|  24|0x0000000081800000, 0x0000000081900000, 0x0000000081900000|100%| O|  |TAMS 0x0000000081800000| PB 0x0000000081800000| Untracked 
|  25|0x0000000081900000, 0x0000000081a00000, 0x0000000081a00000|100%| O|  |TAMS 0x0000000081900000| PB 0x0000000081900000| Untracked 
|  26|0x0000000081a00000, 0x0000000081b00000, 0x0000000081b00000|100%| O|  |TAMS 0x0000000081a00000| PB 0x0000000081a00000| Untracked 
|  27|0x0000000081b00000, 0x0000000081c00000, 0x0000000081c00000|100%| O|  |TAMS 0x0000000081b00000| PB 0x0000000081b00000| Untracked 
|  28|0x0000000081c00000, 0x0000000081d00000, 0x0000000081d00000|100%| O|  |TAMS 0x0000000081c00000| PB 0x0000000081c00000| Untracked 
|  29|0x0000000081d00000, 0x0000000081e00000, 0x0000000081e00000|100%| O|  |TAMS 0x0000000081d00000| PB 0x0000000081d00000| Untracked 
|  30|0x0000000081e00000, 0x0000000081f00000, 0x0000000081f00000|100%| O|  |TAMS 0x0000000081e00000| PB 0x0000000081e00000| Untracked 
|  31|0x0000000081f00000, 0x0000000082000000, 0x0000000082000000|100%| O|  |TAMS 0x0000000081f00000| PB 0x0000000081f00000| Untracked 
|  32|0x0000000082000000, 0x0000000082100000, 0x0000000082100000|100%| O|  |TAMS 0x0000000082000000| PB 0x0000000082000000| Untracked 
|  33|0x0000000082100000, 0x0000000082200000, 0x0000000082200000|100%| O|  |TAMS 0x0000000082100000| PB 0x0000000082100000| Untracked 
|  34|0x0000000082200000, 0x0000000082300000, 0x0000000082300000|100%| O|  |TAMS 0x0000000082200000| PB 0x0000000082200000| Untracked 
|  35|0x0000000082300000, 0x0000000082400000, 0x0000000082400000|100%| O|  |TAMS 0x0000000082300000| PB 0x0000000082300000| Untracked 
|  36|0x0000000082400000, 0x0000000082500000, 0x0000000082500000|100%| O|  |TAMS 0x0000000082400000| PB 0x0000000082400000| Untracked 
|  37|0x0000000082500000, 0x0000000082600000, 0x0000000082600000|100%| O|  |TAMS 0x0000000082500000| PB 0x0000000082500000| Untracked 
|  38|0x0000000082600000, 0x0000000082700000, 0x0000000082700000|100%| O|  |TAMS 0x0000000082600000| PB 0x0000000082600000| Untracked 
|  39|0x0000000082700000, 0x0000000082800000, 0x0000000082800000|100%| O|  |TAMS 0x0000000082700000| PB 0x0000000082700000| Untracked 
|  40|0x0000000082800000, 0x0000000082900000, 0x0000000082900000|100%| O|  |TAMS 0x0000000082800000| PB 0x0000000082800000| Untracked 
|  41|0x0000000082900000, 0x0000000082a00000, 0x0000000082a00000|100%| O|  |TAMS 0x0000000082900000| PB 0x0000000082900000| Untracked 
|  42|0x0000000082a00000, 0x0000000082b00000, 0x0000000082b00000|100%| O|  |TAMS 0x0000000082a00000| PB 0x0000000082a00000| Untracked 
|  43|0x0000000082b00000, 0x0000000082c00000, 0x0000000082c00000|100%| O|  |TAMS 0x0000000082b00000| PB 0x0000000082b00000| Untracked 
|  44|0x0000000082c00000, 0x0000000082d00000, 0x0000000082d00000|100%| O|  |TAMS 0x0000000082c00000| PB 0x0000000082c00000| Untracked 
|  45|0x0000000082d00000, 0x0000000082e00000, 0x0000000082e00000|100%| O|  |TAMS 0x0000000082d00000| PB 0x0000000082d00000| Untracked 
|  46|0x0000000082e00000, 0x0000000082f00000, 0x0000000082f00000|100%| O|  |TAMS 0x0000000082e00000| PB 0x0000000082e00000| Untracked 
|  47|0x0000000082f00000, 0x0000000083000000, 0x0000000083000000|100%| O|  |TAMS 0x0000000082f00000| PB 0x0000000082f00000| Untracked 
|  48|0x0000000083000000, 0x0000000083100000, 0x0000000083100000|100%| O|  |TAMS 0x0000000083000000| PB 0x0000000083000000| Untracked 
|  49|0x0000000083100000, 0x0000000083200000, 0x0000000083200000|100%| O|  |TAMS 0x0000000083100000| PB 0x0000000083100000| Untracked 
|  50|0x0000000083200000, 0x0000000083300000, 0x0000000083300000|100%| O|  |TAMS 0x0000000083200000| PB 0x0000000083200000| Untracked 
|  51|0x0000000083300000, 0x0000000083400000, 0x0000000083400000|100%| O|  |TAMS 0x0000000083300000| PB 0x0000000083300000| Untracked 
|  52|0x0000000083400000, 0x0000000083500000, 0x0000000083500000|100%| O|  |TAMS 0x0000000083400000| PB 0x0000000083400000| Untracked 
|  53|0x0000000083500000, 0x0000000083600000, 0x0000000083600000|100%| O|  |TAMS 0x0000000083500000| PB 0x0000000083500000| Untracked 
|  54|0x0000000083600000, 0x0000000083700000, 0x0000000083700000|100%| O|  |TAMS 0x0000000083600000| PB 0x0000000083600000| Untracked 
|  55|0x0000000083700000, 0x0000000083800000, 0x0000000083800000|100%| O|  |TAMS 0x0000000083700000| PB 0x0000000083700000| Untracked 
|  56|0x0000000083800000, 0x0000000083900000, 0x0000000083900000|100%| O|  |TAMS 0x0000000083800000| PB 0x0000000083800000| Untracked 
|  57|0x0000000083900000, 0x0000000083a00000, 0x0000000083a00000|100%| O|  |TAMS 0x0000000083900000| PB 0x0000000083900000| Untracked 
|  58|0x0000000083a00000, 0x0000000083b00000, 0x0000000083b00000|100%| O|  |TAMS 0x0000000083a00000| PB 0x0000000083a00000| Untracked 
|  59|0x0000000083b00000, 0x0000000083c00000, 0x0000000083c00000|100%| O|  |TAMS 0x0000000083b00000| PB 0x0000000083b00000| Untracked 
|  60|0x0000000083c00000, 0x0000000083d00000, 0x0000000083d00000|100%| O|  |TAMS 0x0000000083c00000| PB 0x0000000083c00000| Untracked 
|  61|0x0000000083d00000, 0x0000000083e00000, 0x0000000083e00000|100%| O|  |TAMS 0x0000000083d00000| PB 0x0000000083d00000| Untracked 
|  62|0x0000000083e00000, 0x0000000083f00000, 0x0000000083f00000|100%| O|  |TAMS 0x0000000083e00000| PB 0x0000000083e00000| Untracked 
|  63|0x0000000083f00000, 0x0000000084000000, 0x0000000084000000|100%| O|  |TAMS 0x0000000083f00000| PB 0x0000000083f00000| Untracked 
|  64|0x0000000084000000, 0x0000000084100000, 0x0000000084100000|100%| O|  |TAMS 0x0000000084000000| PB 0x0000000084000000| Untracked 
|  65|0x0000000084100000, 0x0000000084200000, 0x0000000084200000|100%| O|  |TAMS 0x0000000084100000| PB 0x0000000084100000| Untracked 
|  66|0x0000000084200000, 0x0000000084300000, 0x0000000084300000|100%| O|  |TAMS 0x0000000084200000| PB 0x0000000084200000| Untracked 
|  67|0x0000000084300000, 0x0000000084400000, 0x0000000084400000|100%| O|  |TAMS 0x0000000084300000| PB 0x0000000084300000| Untracked 
|  68|0x0000000084400000, 0x0000000084500000, 0x0000000084500000|100%|HS|  |TAMS 0x0000000084400000| PB 0x0000000084400000| Complete 
|  69|0x0000000084500000, 0x0000000084600000, 0x0000000084600000|100%|HC|  |TAMS 0x0000000084500000| PB 0x0000000084500000| Complete 
|  70|0x0000000084600000, 0x0000000084700000, 0x0000000084700000|100%| O|  |TAMS 0x0000000084600000| PB 0x0000000084600000| Untracked 
|  71|0x0000000084700000, 0x0000000084800000, 0x0000000084800000|100%| O|  |TAMS 0x0000000084700000| PB 0x0000000084700000| Untracked 
|  72|0x0000000084800000, 0x0000000084900000, 0x0000000084900000|100%| O|  |TAMS 0x0000000084800000| PB 0x0000000084800000| Untracked 
|  73|0x0000000084900000, 0x0000000084a00000, 0x0000000084a00000|100%| O|  |TAMS 0x0000000084900000| PB 0x0000000084900000| Untracked 
|  74|0x0000000084a00000, 0x0000000084b00000, 0x0000000084b00000|100%|HS|  |TAMS 0x0000000084a00000| PB 0x0000000084a00000| Complete 
|  75|0x0000000084b00000, 0x0000000084c00000, 0x0000000084c00000|100%| O|  |TAMS 0x0000000084b00000| PB 0x0000000084b00000| Untracked 
|  76|0x0000000084c00000, 0x0000000084d00000, 0x0000000084d00000|100%| O|  |TAMS 0x0000000084c00000| PB 0x0000000084c00000| Untracked 
|  77|0x0000000084d00000, 0x0000000084e00000, 0x0000000084e00000|100%| O|  |TAMS 0x0000000084d00000| PB 0x0000000084d00000| Untracked 
|  78|0x0000000084e00000, 0x0000000084f00000, 0x0000000084f00000|100%| O|  |TAMS 0x0000000084e00000| PB 0x0000000084e00000| Untracked 
|  79|0x0000000084f00000, 0x0000000085000000, 0x0000000085000000|100%| O|  |TAMS 0x0000000084f00000| PB 0x0000000084f00000| Untracked 
|  80|0x0000000085000000, 0x0000000085100000, 0x0000000085100000|100%| O|  |TAMS 0x0000000085000000| PB 0x0000000085000000| Untracked 
|  81|0x0000000085100000, 0x0000000085200000, 0x0000000085200000|100%| O|  |TAMS 0x0000000085100000| PB 0x0000000085100000| Untracked 
|  82|0x0000000085200000, 0x0000000085300000, 0x0000000085300000|100%| O|  |TAMS 0x0000000085200000| PB 0x0000000085200000| Untracked 
|  83|0x0000000085300000, 0x0000000085400000, 0x0000000085400000|100%| O|  |TAMS 0x0000000085300000| PB 0x0000000085300000| Untracked 
|  84|0x0000000085400000, 0x0000000085500000, 0x0000000085500000|100%| O|  |TAMS 0x0000000085400000| PB 0x0000000085400000| Untracked 
|  85|0x0000000085500000, 0x0000000085600000, 0x0000000085600000|100%| O|  |TAMS 0x0000000085500000| PB 0x0000000085500000| Untracked 
|  86|0x0000000085600000, 0x0000000085700000, 0x0000000085700000|100%| O|  |TAMS 0x0000000085600000| PB 0x0000000085600000| Untracked 
|  87|0x0000000085700000, 0x0000000085800000, 0x0000000085800000|100%| O|  |TAMS 0x0000000085700000| PB 0x0000000085700000| Untracked 
|  88|0x0000000085800000, 0x0000000085900000, 0x0000000085900000|100%| O|  |TAMS 0x0000000085800000| PB 0x0000000085800000| Untracked 
|  89|0x0000000085900000, 0x0000000085a00000, 0x0000000085a00000|100%| O|  |TAMS 0x0000000085900000| PB 0x0000000085900000| Untracked 
|  90|0x0000000085a00000, 0x0000000085b00000, 0x0000000085b00000|100%| O|  |TAMS 0x0000000085a00000| PB 0x0000000085a00000| Untracked 
|  91|0x0000000085b00000, 0x0000000085c00000, 0x0000000085c00000|100%| O|  |TAMS 0x0000000085b00000| PB 0x0000000085b00000| Untracked 
|  92|0x0000000085c00000, 0x0000000085d00000, 0x0000000085d00000|100%| O|  |TAMS 0x0000000085c00000| PB 0x0000000085c00000| Untracked 
|  93|0x0000000085d00000, 0x0000000085e00000, 0x0000000085e00000|100%| O|  |TAMS 0x0000000085d00000| PB 0x0000000085d00000| Untracked 
|  94|0x0000000085e00000, 0x0000000085f00000, 0x0000000085f00000|100%| O|  |TAMS 0x0000000085e00000| PB 0x0000000085e00000| Untracked 
|  95|0x0000000085f00000, 0x0000000086000000, 0x0000000086000000|100%| O|  |TAMS 0x0000000085f00000| PB 0x0000000085f00000| Untracked 
|  96|0x0000000086000000, 0x0000000086100000, 0x0000000086100000|100%| O|  |TAMS 0x0000000086000000| PB 0x0000000086000000| Untracked 
|  97|0x0000000086100000, 0x0000000086200000, 0x0000000086200000|100%| O|  |TAMS 0x0000000086100000| PB 0x0000000086100000| Untracked 
|  98|0x0000000086200000, 0x0000000086300000, 0x0000000086300000|100%| O|  |TAMS 0x0000000086200000| PB 0x0000000086200000| Untracked 
|  99|0x0000000086300000, 0x0000000086400000, 0x0000000086400000|100%| O|  |TAMS 0x0000000086300000| PB 0x0000000086300000| Untracked 
| 100|0x0000000086400000, 0x0000000086500000, 0x0000000086500000|100%| O|  |TAMS 0x0000000086400000| PB 0x0000000086400000| Untracked 
| 101|0x0000000086500000, 0x0000000086600000, 0x0000000086600000|100%| O|  |TAMS 0x0000000086500000| PB 0x0000000086500000| Untracked 
| 102|0x0000000086600000, 0x0000000086700000, 0x0000000086700000|100%| O|  |TAMS 0x0000000086600000| PB 0x0000000086600000| Untracked 
| 103|0x0000000086700000, 0x0000000086800000, 0x0000000086800000|100%| O|  |TAMS 0x0000000086700000| PB 0x0000000086700000| Untracked 
| 104|0x0000000086800000, 0x0000000086900000, 0x0000000086900000|100%| O|  |TAMS 0x0000000086800000| PB 0x0000000086800000| Untracked 
| 105|0x0000000086900000, 0x0000000086a00000, 0x0000000086a00000|100%| O|  |TAMS 0x0000000086900000| PB 0x0000000086900000| Untracked 
| 106|0x0000000086a00000, 0x0000000086b00000, 0x0000000086b00000|100%|HS|  |TAMS 0x0000000086a00000| PB 0x0000000086a00000| Complete 
| 107|0x0000000086b00000, 0x0000000086c00000, 0x0000000086c00000|100%| O|  |TAMS 0x0000000086b00000| PB 0x0000000086b00000| Untracked 
| 108|0x0000000086c00000, 0x0000000086d00000, 0x0000000086d00000|100%| O|  |TAMS 0x0000000086c00000| PB 0x0000000086c00000| Untracked 
| 109|0x0000000086d00000, 0x0000000086e00000, 0x0000000086e00000|100%| O|  |TAMS 0x0000000086d00000| PB 0x0000000086d00000| Untracked 
| 110|0x0000000086e00000, 0x0000000086f00000, 0x0000000086f00000|100%| O|  |TAMS 0x0000000086e00000| PB 0x0000000086e00000| Untracked 
| 111|0x0000000086f00000, 0x0000000087000000, 0x0000000087000000|100%| O|  |TAMS 0x0000000086f00000| PB 0x0000000086f00000| Untracked 
| 112|0x0000000087000000, 0x0000000087100000, 0x0000000087100000|100%| O|  |TAMS 0x0000000087000000| PB 0x0000000087000000| Untracked 
| 113|0x0000000087100000, 0x0000000087200000, 0x0000000087200000|100%| O|  |TAMS 0x0000000087100000| PB 0x0000000087100000| Untracked 
| 114|0x0000000087200000, 0x0000000087300000, 0x0000000087300000|100%| O|  |TAMS 0x0000000087200000| PB 0x0000000087200000| Untracked 
| 115|0x0000000087300000, 0x0000000087400000, 0x0000000087400000|100%| O|  |TAMS 0x0000000087300000| PB 0x0000000087300000| Untracked 
| 116|0x0000000087400000, 0x0000000087500000, 0x0000000087500000|100%| O|  |TAMS 0x0000000087400000| PB 0x0000000087400000| Untracked 
| 117|0x0000000087500000, 0x0000000087600000, 0x0000000087600000|100%|HS|  |TAMS 0x0000000087500000| PB 0x0000000087500000| Complete 
| 118|0x0000000087600000, 0x0000000087700000, 0x0000000087700000|100%|HC|  |TAMS 0x0000000087600000| PB 0x0000000087600000| Complete 
| 119|0x0000000087700000, 0x0000000087800000, 0x0000000087800000|100%|HC|  |TAMS 0x0000000087700000| PB 0x0000000087700000| Complete 
| 120|0x0000000087800000, 0x0000000087900000, 0x0000000087900000|100%|HC|  |TAMS 0x0000000087800000| PB 0x0000000087800000| Complete 
| 121|0x0000000087900000, 0x0000000087a00000, 0x0000000087a00000|100%|HC|  |TAMS 0x0000000087900000| PB 0x0000000087900000| Complete 
| 122|0x0000000087a00000, 0x0000000087b00000, 0x0000000087b00000|100%|HC|  |TAMS 0x0000000087a00000| PB 0x0000000087a00000| Complete 
| 123|0x0000000087b00000, 0x0000000087c00000, 0x0000000087c00000|100%| O|  |TAMS 0x0000000087b00000| PB 0x0000000087b00000| Untracked 
| 124|0x0000000087c00000, 0x0000000087d00000, 0x0000000087d00000|100%| O|  |TAMS 0x0000000087c00000| PB 0x0000000087c00000| Untracked 
| 125|0x0000000087d00000, 0x0000000087e00000, 0x0000000087e00000|100%| O|  |TAMS 0x0000000087d00000| PB 0x0000000087d00000| Untracked 
| 126|0x0000000087e00000, 0x0000000087f00000, 0x0000000087f00000|100%| O|  |TAMS 0x0000000087e00000| PB 0x0000000087e00000| Untracked 
| 127|0x0000000087f00000, 0x0000000088000000, 0x0000000088000000|100%| O|  |TAMS 0x0000000087f00000| PB 0x0000000087f00000| Untracked 
| 128|0x0000000088000000, 0x0000000088100000, 0x0000000088100000|100%| O|  |TAMS 0x0000000088000000| PB 0x0000000088000000| Untracked 
| 129|0x0000000088100000, 0x0000000088200000, 0x0000000088200000|100%| O|  |TAMS 0x0000000088100000| PB 0x0000000088100000| Untracked 
| 130|0x0000000088200000, 0x0000000088300000, 0x0000000088300000|100%| O|  |TAMS 0x0000000088200000| PB 0x0000000088200000| Untracked 
| 131|0x0000000088300000, 0x0000000088400000, 0x0000000088400000|100%| O|  |TAMS 0x0000000088300000| PB 0x0000000088300000| Untracked 
| 132|0x0000000088400000, 0x0000000088500000, 0x0000000088500000|100%| O|  |TAMS 0x0000000088400000| PB 0x0000000088400000| Untracked 
| 133|0x0000000088500000, 0x0000000088600000, 0x0000000088600000|100%| O|  |TAMS 0x0000000088500000| PB 0x0000000088500000| Untracked 
| 134|0x0000000088600000, 0x0000000088700000, 0x0000000088700000|100%| O|  |TAMS 0x0000000088600000| PB 0x0000000088600000| Untracked 
| 135|0x0000000088700000, 0x0000000088800000, 0x0000000088800000|100%| O|  |TAMS 0x0000000088700000| PB 0x0000000088700000| Untracked 
| 136|0x0000000088800000, 0x0000000088900000, 0x0000000088900000|100%| O|  |TAMS 0x0000000088800000| PB 0x0000000088800000| Untracked 
| 137|0x0000000088900000, 0x0000000088a00000, 0x0000000088a00000|100%| O|  |TAMS 0x0000000088900000| PB 0x0000000088900000| Untracked 
| 138|0x0000000088a00000, 0x0000000088b00000, 0x0000000088b00000|100%| O|  |TAMS 0x0000000088a00000| PB 0x0000000088a00000| Untracked 
| 139|0x0000000088b00000, 0x0000000088c00000, 0x0000000088c00000|100%| O|  |TAMS 0x0000000088b00000| PB 0x0000000088b00000| Untracked 
| 140|0x0000000088c00000, 0x0000000088d00000, 0x0000000088d00000|100%| O|  |TAMS 0x0000000088c00000| PB 0x0000000088c00000| Untracked 
| 141|0x0000000088d00000, 0x0000000088e00000, 0x0000000088e00000|100%| O|  |TAMS 0x0000000088d00000| PB 0x0000000088d00000| Untracked 
| 142|0x0000000088e00000, 0x0000000088f00000, 0x0000000088f00000|100%| O|  |TAMS 0x0000000088e00000| PB 0x0000000088e00000| Untracked 
| 143|0x0000000088f00000, 0x0000000089000000, 0x0000000089000000|100%| O|  |TAMS 0x0000000088f00000| PB 0x0000000088f00000| Untracked 
| 144|0x0000000089000000, 0x00000000890d79e8, 0x0000000089100000| 84%| O|  |TAMS 0x0000000089000000| PB 0x0000000089000000| Untracked 
| 145|0x0000000089100000, 0x0000000089200000, 0x0000000089200000|100%| O|  |TAMS 0x0000000089100000| PB 0x0000000089100000| Untracked 
| 146|0x0000000089200000, 0x0000000089300000, 0x0000000089300000|100%| O|  |TAMS 0x0000000089200000| PB 0x0000000089200000| Untracked 
| 147|0x0000000089300000, 0x0000000089400000, 0x0000000089400000|100%| O|  |TAMS 0x0000000089300000| PB 0x0000000089300000| Untracked 
| 148|0x0000000089400000, 0x0000000089500000, 0x0000000089500000|100%| O|  |TAMS 0x0000000089400000| PB 0x0000000089400000| Untracked 
| 149|0x0000000089500000, 0x0000000089600000, 0x0000000089600000|100%| O|  |TAMS 0x0000000089500000| PB 0x0000000089500000| Untracked 
| 150|0x0000000089600000, 0x0000000089700000, 0x0000000089700000|100%| O|  |TAMS 0x0000000089600000| PB 0x0000000089600000| Untracked 
| 151|0x0000000089700000, 0x0000000089800000, 0x0000000089800000|100%| O|  |TAMS 0x0000000089700000| PB 0x0000000089700000| Untracked 
| 152|0x0000000089800000, 0x0000000089900000, 0x0000000089900000|100%| O|  |TAMS 0x0000000089800000| PB 0x0000000089800000| Untracked 
| 153|0x0000000089900000, 0x0000000089a00000, 0x0000000089a00000|100%| O|  |TAMS 0x0000000089900000| PB 0x0000000089900000| Untracked 
| 154|0x0000000089a00000, 0x0000000089b00000, 0x0000000089b00000|100%| O|  |TAMS 0x0000000089a00000| PB 0x0000000089a00000| Untracked 
| 155|0x0000000089b00000, 0x0000000089c00000, 0x0000000089c00000|100%| O|  |TAMS 0x0000000089b00000| PB 0x0000000089b00000| Untracked 
| 156|0x0000000089c00000, 0x0000000089d00000, 0x0000000089d00000|100%|HS|  |TAMS 0x0000000089c00000| PB 0x0000000089c00000| Complete 
| 157|0x0000000089d00000, 0x0000000089e00000, 0x0000000089e00000|100%| O|  |TAMS 0x0000000089d00000| PB 0x0000000089d00000| Untracked 
| 158|0x0000000089e00000, 0x0000000089f00000, 0x0000000089f00000|100%| O|  |TAMS 0x0000000089e00000| PB 0x0000000089e00000| Untracked 
| 159|0x0000000089f00000, 0x000000008a000000, 0x000000008a000000|100%| O|  |TAMS 0x0000000089f00000| PB 0x0000000089f00000| Untracked 
| 160|0x000000008a000000, 0x000000008a100000, 0x000000008a100000|100%| O|  |TAMS 0x000000008a000000| PB 0x000000008a000000| Untracked 
| 161|0x000000008a100000, 0x000000008a200000, 0x000000008a200000|100%| O|  |TAMS 0x000000008a100000| PB 0x000000008a100000| Untracked 
| 162|0x000000008a200000, 0x000000008a300000, 0x000000008a300000|100%| O|  |TAMS 0x000000008a200000| PB 0x000000008a200000| Untracked 
| 163|0x000000008a300000, 0x000000008a400000, 0x000000008a400000|100%| O|  |TAMS 0x000000008a300000| PB 0x000000008a300000| Untracked 
| 164|0x000000008a400000, 0x000000008a500000, 0x000000008a500000|100%| O|  |TAMS 0x000000008a400000| PB 0x000000008a400000| Untracked 
| 165|0x000000008a500000, 0x000000008a600000, 0x000000008a600000|100%| O|  |TAMS 0x000000008a500000| PB 0x000000008a500000| Untracked 
| 166|0x000000008a600000, 0x000000008a700000, 0x000000008a700000|100%|HS|  |TAMS 0x000000008a600000| PB 0x000000008a600000| Complete 
| 167|0x000000008a700000, 0x000000008a800000, 0x000000008a800000|100%|HC|  |TAMS 0x000000008a700000| PB 0x000000008a700000| Complete 
| 168|0x000000008a800000, 0x000000008a900000, 0x000000008a900000|100%|HC|  |TAMS 0x000000008a800000| PB 0x000000008a800000| Complete 
| 169|0x000000008a900000, 0x000000008aa00000, 0x000000008aa00000|100%|HC|  |TAMS 0x000000008a900000| PB 0x000000008a900000| Complete 
| 170|0x000000008aa00000, 0x000000008ab00000, 0x000000008ab00000|100%|HC|  |TAMS 0x000000008aa00000| PB 0x000000008aa00000| Complete 
| 171|0x000000008ab00000, 0x000000008ac00000, 0x000000008ac00000|100%|HC|  |TAMS 0x000000008ab00000| PB 0x000000008ab00000| Complete 
| 172|0x000000008ac00000, 0x000000008ad00000, 0x000000008ad00000|100%| O|  |TAMS 0x000000008ac00000| PB 0x000000008ac00000| Untracked 
| 173|0x000000008ad00000, 0x000000008ae00000, 0x000000008ae00000|100%| O|Cm|TAMS 0x000000008ad00000| PB 0x000000008ad00000| Complete 
| 174|0x000000008ae00000, 0x000000008af00000, 0x000000008af00000|100%|HS|  |TAMS 0x000000008ae00000| PB 0x000000008ae00000| Complete 
| 175|0x000000008af00000, 0x000000008b000000, 0x000000008b000000|100%| O|  |TAMS 0x000000008af00000| PB 0x000000008af00000| Untracked 
| 176|0x000000008b000000, 0x000000008b100000, 0x000000008b100000|100%| O|  |TAMS 0x000000008b000000| PB 0x000000008b000000| Untracked 
| 177|0x000000008b100000, 0x000000008b200000, 0x000000008b200000|100%|HS|  |TAMS 0x000000008b100000| PB 0x000000008b100000| Complete 
| 178|0x000000008b200000, 0x000000008b300000, 0x000000008b300000|100%|HC|  |TAMS 0x000000008b200000| PB 0x000000008b200000| Complete 
| 179|0x000000008b300000, 0x000000008b400000, 0x000000008b400000|100%|HC|  |TAMS 0x000000008b300000| PB 0x000000008b300000| Complete 
| 180|0x000000008b400000, 0x000000008b500000, 0x000000008b500000|100%|HC|  |TAMS 0x000000008b400000| PB 0x000000008b400000| Complete 
| 181|0x000000008b500000, 0x000000008b600000, 0x000000008b600000|100%|HC|  |TAMS 0x000000008b500000| PB 0x000000008b500000| Complete 
| 182|0x000000008b600000, 0x000000008b700000, 0x000000008b700000|100%|HC|  |TAMS 0x000000008b600000| PB 0x000000008b600000| Complete 
| 183|0x000000008b700000, 0x000000008b800000, 0x000000008b800000|100%| O|  |TAMS 0x000000008b700000| PB 0x000000008b700000| Untracked 
| 184|0x000000008b800000, 0x000000008b900000, 0x000000008b900000|100%| O|  |TAMS 0x000000008b800000| PB 0x000000008b800000| Untracked 
| 185|0x000000008b900000, 0x000000008ba00000, 0x000000008ba00000|100%| O|  |TAMS 0x000000008b900000| PB 0x000000008b900000| Untracked 
| 186|0x000000008ba00000, 0x000000008bb00000, 0x000000008bb00000|100%| O|  |TAMS 0x000000008ba00000| PB 0x000000008ba00000| Untracked 
| 187|0x000000008bb00000, 0x000000008bc00000, 0x000000008bc00000|100%| O|  |TAMS 0x000000008bb00000| PB 0x000000008bb00000| Untracked 
| 188|0x000000008bc00000, 0x000000008bd00000, 0x000000008bd00000|100%| O|  |TAMS 0x000000008bc00000| PB 0x000000008bc00000| Untracked 
| 189|0x000000008bd00000, 0x000000008be00000, 0x000000008be00000|100%| O|  |TAMS 0x000000008bd00000| PB 0x000000008bd00000| Untracked 
| 190|0x000000008be00000, 0x000000008bf00000, 0x000000008bf00000|100%| O|  |TAMS 0x000000008be00000| PB 0x000000008be00000| Untracked 
| 191|0x000000008bf00000, 0x000000008c000000, 0x000000008c000000|100%| O|  |TAMS 0x000000008bf00000| PB 0x000000008bf00000| Untracked 
| 192|0x000000008c000000, 0x000000008c100000, 0x000000008c100000|100%| O|  |TAMS 0x000000008c000000| PB 0x000000008c000000| Untracked 
| 193|0x000000008c100000, 0x000000008c200000, 0x000000008c200000|100%| O|  |TAMS 0x000000008c100000| PB 0x000000008c100000| Untracked 
| 194|0x000000008c200000, 0x000000008c300000, 0x000000008c300000|100%| O|  |TAMS 0x000000008c200000| PB 0x000000008c200000| Untracked 
| 195|0x000000008c300000, 0x000000008c400000, 0x000000008c400000|100%| O|  |TAMS 0x000000008c300000| PB 0x000000008c300000| Untracked 
| 196|0x000000008c400000, 0x000000008c500000, 0x000000008c500000|100%| O|  |TAMS 0x000000008c400000| PB 0x000000008c400000| Untracked 
| 197|0x000000008c500000, 0x000000008c600000, 0x000000008c600000|100%| O|  |TAMS 0x000000008c500000| PB 0x000000008c500000| Untracked 
| 198|0x000000008c600000, 0x000000008c700000, 0x000000008c700000|100%| O|  |TAMS 0x000000008c600000| PB 0x000000008c600000| Untracked 
| 199|0x000000008c700000, 0x000000008c800000, 0x000000008c800000|100%| O|  |TAMS 0x000000008c700000| PB 0x000000008c700000| Untracked 
| 200|0x000000008c800000, 0x000000008c900000, 0x000000008c900000|100%| O|  |TAMS 0x000000008c800000| PB 0x000000008c800000| Untracked 
| 201|0x000000008c900000, 0x000000008ca00000, 0x000000008ca00000|100%| O|  |TAMS 0x000000008c900000| PB 0x000000008c900000| Untracked 
| 202|0x000000008ca00000, 0x000000008cb00000, 0x000000008cb00000|100%| O|Cm|TAMS 0x000000008ca00000| PB 0x000000008ca00000| Complete 
| 203|0x000000008cb00000, 0x000000008cc00000, 0x000000008cc00000|100%| O|  |TAMS 0x000000008cb00000| PB 0x000000008cb00000| Untracked 
| 204|0x000000008cc00000, 0x000000008cd00000, 0x000000008cd00000|100%| O|Cm|TAMS 0x000000008cc00000| PB 0x000000008cc00000| Complete 
| 205|0x000000008cd00000, 0x000000008ce00000, 0x000000008ce00000|100%| O|Cm|TAMS 0x000000008cd00000| PB 0x000000008cd00000| Complete 
| 206|0x000000008ce00000, 0x000000008cf00000, 0x000000008cf00000|100%| O|  |TAMS 0x000000008ce00000| PB 0x000000008ce00000| Untracked 
| 207|0x000000008cf00000, 0x000000008d000000, 0x000000008d000000|100%| O|  |TAMS 0x000000008cf00000| PB 0x000000008cf00000| Untracked 
| 208|0x000000008d000000, 0x000000008d100000, 0x000000008d100000|100%| O|  |TAMS 0x000000008d000000| PB 0x000000008d000000| Untracked 
| 209|0x000000008d100000, 0x000000008d200000, 0x000000008d200000|100%| O|  |TAMS 0x000000008d100000| PB 0x000000008d100000| Untracked 
| 210|0x000000008d200000, 0x000000008d300000, 0x000000008d300000|100%| O|  |TAMS 0x000000008d200000| PB 0x000000008d200000| Untracked 
| 211|0x000000008d300000, 0x000000008d400000, 0x000000008d400000|100%| O|  |TAMS 0x000000008d300000| PB 0x000000008d300000| Untracked 
| 212|0x000000008d400000, 0x000000008d500000, 0x000000008d500000|100%|HS|  |TAMS 0x000000008d400000| PB 0x000000008d400000| Complete 
| 213|0x000000008d500000, 0x000000008d600000, 0x000000008d600000|100%|HS|  |TAMS 0x000000008d500000| PB 0x000000008d500000| Complete 
| 214|0x000000008d600000, 0x000000008d700000, 0x000000008d700000|100%|HS|  |TAMS 0x000000008d600000| PB 0x000000008d600000| Complete 
| 215|0x000000008d700000, 0x000000008d800000, 0x000000008d800000|100%|HS|  |TAMS 0x000000008d700000| PB 0x000000008d700000| Complete 
| 216|0x000000008d800000, 0x000000008d900000, 0x000000008d900000|100%| O|Cm|TAMS 0x000000008d800000| PB 0x000000008d800000| Complete 
| 217|0x000000008d900000, 0x000000008da00000, 0x000000008da00000|100%|HS|  |TAMS 0x000000008d900000| PB 0x000000008d900000| Complete 
| 218|0x000000008da00000, 0x000000008da00000, 0x000000008db00000|  0%| F|  |TAMS 0x000000008da00000| PB 0x000000008da00000| Untracked 
| 219|0x000000008db00000, 0x000000008db00000, 0x000000008dc00000|  0%| F|  |TAMS 0x000000008db00000| PB 0x000000008db00000| Untracked 
| 220|0x000000008dc00000, 0x000000008dc00000, 0x000000008dd00000|  0%| F|  |TAMS 0x000000008dc00000| PB 0x000000008dc00000| Untracked 
| 221|0x000000008dd00000, 0x000000008dd00000, 0x000000008de00000|  0%| F|  |TAMS 0x000000008dd00000| PB 0x000000008dd00000| Untracked 
| 222|0x000000008de00000, 0x000000008de00000, 0x000000008df00000|  0%| F|  |TAMS 0x000000008de00000| PB 0x000000008de00000| Untracked 
| 223|0x000000008df00000, 0x000000008df00000, 0x000000008e000000|  0%| F|  |TAMS 0x000000008df00000| PB 0x000000008df00000| Untracked 
| 224|0x000000008e000000, 0x000000008e000000, 0x000000008e100000|  0%| F|  |TAMS 0x000000008e000000| PB 0x000000008e000000| Untracked 
| 225|0x000000008e100000, 0x000000008e100000, 0x000000008e200000|  0%| F|  |TAMS 0x000000008e100000| PB 0x000000008e100000| Untracked 
| 226|0x000000008e200000, 0x000000008e200000, 0x000000008e300000|  0%| F|  |TAMS 0x000000008e200000| PB 0x000000008e200000| Untracked 
| 227|0x000000008e300000, 0x000000008e300000, 0x000000008e400000|  0%| F|  |TAMS 0x000000008e300000| PB 0x000000008e300000| Untracked 
| 228|0x000000008e400000, 0x000000008e400000, 0x000000008e500000|  0%| F|  |TAMS 0x000000008e400000| PB 0x000000008e400000| Untracked 
| 229|0x000000008e500000, 0x000000008e500000, 0x000000008e600000|  0%| F|  |TAMS 0x000000008e500000| PB 0x000000008e500000| Untracked 
| 230|0x000000008e600000, 0x000000008e600000, 0x000000008e700000|  0%| F|  |TAMS 0x000000008e600000| PB 0x000000008e600000| Untracked 
| 231|0x000000008e700000, 0x000000008e700000, 0x000000008e800000|  0%| F|  |TAMS 0x000000008e700000| PB 0x000000008e700000| Untracked 
| 232|0x000000008e800000, 0x000000008e800000, 0x000000008e900000|  0%| F|  |TAMS 0x000000008e800000| PB 0x000000008e800000| Untracked 
| 233|0x000000008e900000, 0x000000008e900000, 0x000000008ea00000|  0%| F|  |TAMS 0x000000008e900000| PB 0x000000008e900000| Untracked 
| 234|0x000000008ea00000, 0x000000008ea00000, 0x000000008eb00000|  0%| F|  |TAMS 0x000000008ea00000| PB 0x000000008ea00000| Untracked 
| 235|0x000000008eb00000, 0x000000008eb00000, 0x000000008ec00000|  0%| F|  |TAMS 0x000000008eb00000| PB 0x000000008eb00000| Untracked 
| 236|0x000000008ec00000, 0x000000008ec00000, 0x000000008ed00000|  0%| F|  |TAMS 0x000000008ec00000| PB 0x000000008ec00000| Untracked 
| 237|0x000000008ed00000, 0x000000008ed00000, 0x000000008ee00000|  0%| F|  |TAMS 0x000000008ed00000| PB 0x000000008ed00000| Untracked 
| 238|0x000000008ee00000, 0x000000008ef00000, 0x000000008ef00000|100%| O|  |TAMS 0x000000008ee00000| PB 0x000000008ee00000| Untracked 
| 239|0x000000008ef00000, 0x000000008f000000, 0x000000008f000000|100%| O|  |TAMS 0x000000008ef00000| PB 0x000000008ef00000| Untracked 
| 240|0x000000008f000000, 0x000000008f100000, 0x000000008f100000|100%| O|  |TAMS 0x000000008f000000| PB 0x000000008f000000| Untracked 
| 241|0x000000008f100000, 0x000000008f200000, 0x000000008f200000|100%| O|  |TAMS 0x000000008f100000| PB 0x000000008f100000| Untracked 
| 242|0x000000008f200000, 0x000000008f300000, 0x000000008f300000|100%| O|  |TAMS 0x000000008f200000| PB 0x000000008f200000| Untracked 
| 243|0x000000008f300000, 0x000000008f400000, 0x000000008f400000|100%| O|Cm|TAMS 0x000000008f300000| PB 0x000000008f300000| Complete 
| 244|0x000000008f400000, 0x000000008f400000, 0x000000008f500000|  0%| F|  |TAMS 0x000000008f400000| PB 0x000000008f400000| Untracked 
| 245|0x000000008f500000, 0x000000008f500000, 0x000000008f600000|  0%| F|  |TAMS 0x000000008f500000| PB 0x000000008f500000| Untracked 
| 246|0x000000008f600000, 0x000000008f600000, 0x000000008f700000|  0%| F|  |TAMS 0x000000008f600000| PB 0x000000008f600000| Untracked 
| 247|0x000000008f700000, 0x000000008f700000, 0x000000008f800000|  0%| F|  |TAMS 0x000000008f700000| PB 0x000000008f700000| Untracked 
| 248|0x000000008f800000, 0x000000008f800000, 0x000000008f900000|  0%| F|  |TAMS 0x000000008f800000| PB 0x000000008f800000| Untracked 
| 249|0x000000008f900000, 0x000000008f900000, 0x000000008fa00000|  0%| F|  |TAMS 0x000000008f900000| PB 0x000000008f900000| Untracked 
| 250|0x000000008fa00000, 0x000000008fa00000, 0x000000008fb00000|  0%| F|  |TAMS 0x000000008fa00000| PB 0x000000008fa00000| Untracked 
| 251|0x000000008fb00000, 0x000000008fb00000, 0x000000008fc00000|  0%| F|  |TAMS 0x000000008fb00000| PB 0x000000008fb00000| Untracked 
| 252|0x000000008fc00000, 0x000000008fc00000, 0x000000008fd00000|  0%| F|  |TAMS 0x000000008fc00000| PB 0x000000008fc00000| Untracked 
| 253|0x000000008fd00000, 0x000000008fd00000, 0x000000008fe00000|  0%| F|  |TAMS 0x000000008fd00000| PB 0x000000008fd00000| Untracked 
| 254|0x000000008fe00000, 0x000000008fe00000, 0x000000008ff00000|  0%| F|  |TAMS 0x000000008fe00000| PB 0x000000008fe00000| Untracked 
| 255|0x000000008ff00000, 0x000000008ff00000, 0x0000000090000000|  0%| F|  |TAMS 0x000000008ff00000| PB 0x000000008ff00000| Untracked 
| 256|0x0000000090000000, 0x0000000090000000, 0x0000000090100000|  0%| F|  |TAMS 0x0000000090000000| PB 0x0000000090000000| Untracked 
| 257|0x0000000090100000, 0x0000000090100000, 0x0000000090200000|  0%| F|  |TAMS 0x0000000090100000| PB 0x0000000090100000| Untracked 
| 258|0x0000000090200000, 0x0000000090200000, 0x0000000090300000|  0%| F|  |TAMS 0x0000000090200000| PB 0x0000000090200000| Untracked 
| 259|0x0000000090300000, 0x0000000090300000, 0x0000000090400000|  0%| F|  |TAMS 0x0000000090300000| PB 0x0000000090300000| Untracked 
| 260|0x0000000090400000, 0x0000000090400000, 0x0000000090500000|  0%| F|  |TAMS 0x0000000090400000| PB 0x0000000090400000| Untracked 
| 261|0x0000000090500000, 0x0000000090500000, 0x0000000090600000|  0%| F|  |TAMS 0x0000000090500000| PB 0x0000000090500000| Untracked 
| 262|0x0000000090600000, 0x0000000090600000, 0x0000000090700000|  0%| F|  |TAMS 0x0000000090600000| PB 0x0000000090600000| Untracked 
| 263|0x0000000090700000, 0x0000000090700000, 0x0000000090800000|  0%| F|  |TAMS 0x0000000090700000| PB 0x0000000090700000| Untracked 
| 264|0x0000000090800000, 0x0000000090800000, 0x0000000090900000|  0%| F|  |TAMS 0x0000000090800000| PB 0x0000000090800000| Untracked 
| 265|0x0000000090900000, 0x0000000090900000, 0x0000000090a00000|  0%| F|  |TAMS 0x0000000090900000| PB 0x0000000090900000| Untracked 
| 266|0x0000000090a00000, 0x0000000090a00000, 0x0000000090b00000|  0%| F|  |TAMS 0x0000000090a00000| PB 0x0000000090a00000| Untracked 
| 267|0x0000000090b00000, 0x0000000090b00000, 0x0000000090c00000|  0%| F|  |TAMS 0x0000000090b00000| PB 0x0000000090b00000| Untracked 
| 268|0x0000000090c00000, 0x0000000090c00000, 0x0000000090d00000|  0%| F|  |TAMS 0x0000000090c00000| PB 0x0000000090c00000| Untracked 
| 269|0x0000000090d00000, 0x0000000090d00000, 0x0000000090e00000|  0%| F|  |TAMS 0x0000000090d00000| PB 0x0000000090d00000| Untracked 
| 270|0x0000000090e00000, 0x0000000090e00000, 0x0000000090f00000|  0%| F|  |TAMS 0x0000000090e00000| PB 0x0000000090e00000| Untracked 
| 271|0x0000000090f00000, 0x0000000090f00000, 0x0000000091000000|  0%| F|  |TAMS 0x0000000090f00000| PB 0x0000000090f00000| Untracked 
| 272|0x0000000091000000, 0x0000000091000000, 0x0000000091100000|  0%| F|  |TAMS 0x0000000091000000| PB 0x0000000091000000| Untracked 
| 273|0x0000000091100000, 0x0000000091100000, 0x0000000091200000|  0%| F|  |TAMS 0x0000000091100000| PB 0x0000000091100000| Untracked 
| 274|0x0000000091200000, 0x0000000091200000, 0x0000000091300000|  0%| F|  |TAMS 0x0000000091200000| PB 0x0000000091200000| Untracked 
| 275|0x0000000091300000, 0x0000000091300000, 0x0000000091400000|  0%| F|  |TAMS 0x0000000091300000| PB 0x0000000091300000| Untracked 
| 276|0x0000000091400000, 0x0000000091400000, 0x0000000091500000|  0%| F|  |TAMS 0x0000000091400000| PB 0x0000000091400000| Untracked 
| 277|0x0000000091500000, 0x0000000091500000, 0x0000000091600000|  0%| F|  |TAMS 0x0000000091500000| PB 0x0000000091500000| Untracked 
| 278|0x0000000091600000, 0x0000000091600000, 0x0000000091700000|  0%| F|  |TAMS 0x0000000091600000| PB 0x0000000091600000| Untracked 
| 279|0x0000000091700000, 0x0000000091700000, 0x0000000091800000|  0%| F|  |TAMS 0x0000000091700000| PB 0x0000000091700000| Untracked 
| 280|0x0000000091800000, 0x0000000091800000, 0x0000000091900000|  0%| F|  |TAMS 0x0000000091800000| PB 0x0000000091800000| Untracked 
| 281|0x0000000091900000, 0x0000000091900000, 0x0000000091a00000|  0%| F|  |TAMS 0x0000000091900000| PB 0x0000000091900000| Untracked 
| 282|0x0000000091a00000, 0x0000000091a00000, 0x0000000091b00000|  0%| F|  |TAMS 0x0000000091a00000| PB 0x0000000091a00000| Untracked 
| 283|0x0000000091b00000, 0x0000000091b00000, 0x0000000091c00000|  0%| F|  |TAMS 0x0000000091b00000| PB 0x0000000091b00000| Untracked 
| 284|0x0000000091c00000, 0x0000000091c00000, 0x0000000091d00000|  0%| F|  |TAMS 0x0000000091c00000| PB 0x0000000091c00000| Untracked 
| 285|0x0000000091d00000, 0x0000000091d00000, 0x0000000091e00000|  0%| F|  |TAMS 0x0000000091d00000| PB 0x0000000091d00000| Untracked 
| 286|0x0000000091e00000, 0x0000000091e00000, 0x0000000091f00000|  0%| F|  |TAMS 0x0000000091e00000| PB 0x0000000091e00000| Untracked 
| 287|0x0000000091f00000, 0x0000000091f00000, 0x0000000092000000|  0%| F|  |TAMS 0x0000000091f00000| PB 0x0000000091f00000| Untracked 
| 288|0x0000000092000000, 0x0000000092000000, 0x0000000092100000|  0%| F|  |TAMS 0x0000000092000000| PB 0x0000000092000000| Untracked 
| 289|0x0000000092100000, 0x0000000092100000, 0x0000000092200000|  0%| F|  |TAMS 0x0000000092100000| PB 0x0000000092100000| Untracked 
| 290|0x0000000092200000, 0x0000000092200000, 0x0000000092300000|  0%| F|  |TAMS 0x0000000092200000| PB 0x0000000092200000| Untracked 
| 291|0x0000000092300000, 0x0000000092300000, 0x0000000092400000|  0%| F|  |TAMS 0x0000000092300000| PB 0x0000000092300000| Untracked 
| 292|0x0000000092400000, 0x0000000092400000, 0x0000000092500000|  0%| F|  |TAMS 0x0000000092400000| PB 0x0000000092400000| Untracked 
| 293|0x0000000092500000, 0x0000000092500000, 0x0000000092600000|  0%| F|  |TAMS 0x0000000092500000| PB 0x0000000092500000| Untracked 
| 294|0x0000000092600000, 0x0000000092600000, 0x0000000092700000|  0%| F|  |TAMS 0x0000000092600000| PB 0x0000000092600000| Untracked 
| 295|0x0000000092700000, 0x0000000092700000, 0x0000000092800000|  0%| F|  |TAMS 0x0000000092700000| PB 0x0000000092700000| Untracked 
| 296|0x0000000092800000, 0x0000000092800000, 0x0000000092900000|  0%| F|  |TAMS 0x0000000092800000| PB 0x0000000092800000| Untracked 
| 297|0x0000000092900000, 0x0000000092900000, 0x0000000092a00000|  0%| F|  |TAMS 0x0000000092900000| PB 0x0000000092900000| Untracked 
| 298|0x0000000092a00000, 0x0000000092a00000, 0x0000000092b00000|  0%| F|  |TAMS 0x0000000092a00000| PB 0x0000000092a00000| Untracked 
| 299|0x0000000092b00000, 0x0000000092b00000, 0x0000000092c00000|  0%| F|  |TAMS 0x0000000092b00000| PB 0x0000000092b00000| Untracked 
| 300|0x0000000092c00000, 0x0000000092c00000, 0x0000000092d00000|  0%| F|  |TAMS 0x0000000092c00000| PB 0x0000000092c00000| Untracked 
| 301|0x0000000092d00000, 0x0000000092d00000, 0x0000000092e00000|  0%| F|  |TAMS 0x0000000092d00000| PB 0x0000000092d00000| Untracked 
| 302|0x0000000092e00000, 0x0000000092e00000, 0x0000000092f00000|  0%| F|  |TAMS 0x0000000092e00000| PB 0x0000000092e00000| Untracked 
| 303|0x0000000092f00000, 0x0000000092f00000, 0x0000000093000000|  0%| F|  |TAMS 0x0000000092f00000| PB 0x0000000092f00000| Untracked 
| 304|0x0000000093000000, 0x0000000093000000, 0x0000000093100000|  0%| F|  |TAMS 0x0000000093000000| PB 0x0000000093000000| Untracked 
| 305|0x0000000093100000, 0x0000000093100000, 0x0000000093200000|  0%| F|  |TAMS 0x0000000093100000| PB 0x0000000093100000| Untracked 
| 306|0x0000000093200000, 0x0000000093200000, 0x0000000093300000|  0%| F|  |TAMS 0x0000000093200000| PB 0x0000000093200000| Untracked 
| 307|0x0000000093300000, 0x0000000093300000, 0x0000000093400000|  0%| F|  |TAMS 0x0000000093300000| PB 0x0000000093300000| Untracked 
| 308|0x0000000093400000, 0x0000000093400000, 0x0000000093500000|  0%| F|  |TAMS 0x0000000093400000| PB 0x0000000093400000| Untracked 
| 309|0x0000000093500000, 0x0000000093500000, 0x0000000093600000|  0%| F|  |TAMS 0x0000000093500000| PB 0x0000000093500000| Untracked 
| 310|0x0000000093600000, 0x0000000093600000, 0x0000000093700000|  0%| F|  |TAMS 0x0000000093600000| PB 0x0000000093600000| Untracked 
| 311|0x0000000093700000, 0x0000000093700000, 0x0000000093800000|  0%| F|  |TAMS 0x0000000093700000| PB 0x0000000093700000| Untracked 
| 312|0x0000000093800000, 0x0000000093800000, 0x0000000093900000|  0%| F|  |TAMS 0x0000000093800000| PB 0x0000000093800000| Untracked 
| 313|0x0000000093900000, 0x0000000093900000, 0x0000000093a00000|  0%| F|  |TAMS 0x0000000093900000| PB 0x0000000093900000| Untracked 
| 314|0x0000000093a00000, 0x0000000093a00000, 0x0000000093b00000|  0%| F|  |TAMS 0x0000000093a00000| PB 0x0000000093a00000| Untracked 
| 315|0x0000000093b00000, 0x0000000093b00000, 0x0000000093c00000|  0%| F|  |TAMS 0x0000000093b00000| PB 0x0000000093b00000| Untracked 
| 316|0x0000000093c00000, 0x0000000093c00000, 0x0000000093d00000|  0%| F|  |TAMS 0x0000000093c00000| PB 0x0000000093c00000| Untracked 
| 317|0x0000000093d00000, 0x0000000093d00000, 0x0000000093e00000|  0%| F|  |TAMS 0x0000000093d00000| PB 0x0000000093d00000| Untracked 
| 318|0x0000000093e00000, 0x0000000093e00000, 0x0000000093f00000|  0%| F|  |TAMS 0x0000000093e00000| PB 0x0000000093e00000| Untracked 
| 319|0x0000000093f00000, 0x0000000093f00000, 0x0000000094000000|  0%| F|  |TAMS 0x0000000093f00000| PB 0x0000000093f00000| Untracked 
| 320|0x0000000094000000, 0x0000000094000000, 0x0000000094100000|  0%| F|  |TAMS 0x0000000094000000| PB 0x0000000094000000| Untracked 
| 321|0x0000000094100000, 0x0000000094100000, 0x0000000094200000|  0%| F|  |TAMS 0x0000000094100000| PB 0x0000000094100000| Untracked 
| 322|0x0000000094200000, 0x0000000094200000, 0x0000000094300000|  0%| F|  |TAMS 0x0000000094200000| PB 0x0000000094200000| Untracked 
| 323|0x0000000094300000, 0x0000000094300000, 0x0000000094400000|  0%| F|  |TAMS 0x0000000094300000| PB 0x0000000094300000| Untracked 
| 324|0x0000000094400000, 0x0000000094400000, 0x0000000094500000|  0%| F|  |TAMS 0x0000000094400000| PB 0x0000000094400000| Untracked 
| 325|0x0000000094500000, 0x0000000094500000, 0x0000000094600000|  0%| F|  |TAMS 0x0000000094500000| PB 0x0000000094500000| Untracked 
| 326|0x0000000094600000, 0x0000000094600000, 0x0000000094700000|  0%| F|  |TAMS 0x0000000094600000| PB 0x0000000094600000| Untracked 
| 327|0x0000000094700000, 0x0000000094700000, 0x0000000094800000|  0%| F|  |TAMS 0x0000000094700000| PB 0x0000000094700000| Untracked 
| 328|0x0000000094800000, 0x0000000094800000, 0x0000000094900000|  0%| F|  |TAMS 0x0000000094800000| PB 0x0000000094800000| Untracked 
| 329|0x0000000094900000, 0x0000000094900000, 0x0000000094a00000|  0%| F|  |TAMS 0x0000000094900000| PB 0x0000000094900000| Untracked 
| 330|0x0000000094a00000, 0x0000000094a00000, 0x0000000094b00000|  0%| F|  |TAMS 0x0000000094a00000| PB 0x0000000094a00000| Untracked 
| 331|0x0000000094b00000, 0x0000000094b00000, 0x0000000094c00000|  0%| F|  |TAMS 0x0000000094b00000| PB 0x0000000094b00000| Untracked 
| 332|0x0000000094c00000, 0x0000000094c00000, 0x0000000094d00000|  0%| F|  |TAMS 0x0000000094c00000| PB 0x0000000094c00000| Untracked 
| 333|0x0000000094d00000, 0x0000000094d00000, 0x0000000094e00000|  0%| F|  |TAMS 0x0000000094d00000| PB 0x0000000094d00000| Untracked 
| 334|0x0000000094e00000, 0x0000000094e00000, 0x0000000094f00000|  0%| F|  |TAMS 0x0000000094e00000| PB 0x0000000094e00000| Untracked 
| 335|0x0000000094f00000, 0x0000000094f00000, 0x0000000095000000|  0%| F|  |TAMS 0x0000000094f00000| PB 0x0000000094f00000| Untracked 
| 336|0x0000000095000000, 0x0000000095000000, 0x0000000095100000|  0%| F|  |TAMS 0x0000000095000000| PB 0x0000000095000000| Untracked 
| 337|0x0000000095100000, 0x0000000095200000, 0x0000000095200000|100%| S|CS|TAMS 0x0000000095100000| PB 0x0000000095100000| Complete 
| 338|0x0000000095200000, 0x0000000095300000, 0x0000000095300000|100%| S|CS|TAMS 0x0000000095200000| PB 0x0000000095200000| Complete 
| 339|0x0000000095300000, 0x0000000095400000, 0x0000000095400000|100%| S|CS|TAMS 0x0000000095300000| PB 0x0000000095300000| Complete 
| 340|0x0000000095400000, 0x0000000095500000, 0x0000000095500000|100%| S|CS|TAMS 0x0000000095400000| PB 0x0000000095400000| Complete 
| 341|0x0000000095500000, 0x0000000095600000, 0x0000000095600000|100%| S|CS|TAMS 0x0000000095500000| PB 0x0000000095500000| Complete 
| 342|0x0000000095600000, 0x0000000095700000, 0x0000000095700000|100%| S|CS|TAMS 0x0000000095600000| PB 0x0000000095600000| Complete 
| 343|0x0000000095700000, 0x0000000095800000, 0x0000000095800000|100%| S|CS|TAMS 0x0000000095700000| PB 0x0000000095700000| Complete 
| 344|0x0000000095800000, 0x0000000095900000, 0x0000000095900000|100%| S|CS|TAMS 0x0000000095800000| PB 0x0000000095800000| Complete 
| 345|0x0000000095900000, 0x0000000095a00000, 0x0000000095a00000|100%| S|CS|TAMS 0x0000000095900000| PB 0x0000000095900000| Complete 
| 346|0x0000000095a00000, 0x0000000095b00000, 0x0000000095b00000|100%| S|CS|TAMS 0x0000000095a00000| PB 0x0000000095a00000| Complete 
| 347|0x0000000095b00000, 0x0000000095c00000, 0x0000000095c00000|100%| S|CS|TAMS 0x0000000095b00000| PB 0x0000000095b00000| Complete 
| 348|0x0000000095c00000, 0x0000000095d00000, 0x0000000095d00000|100%| S|CS|TAMS 0x0000000095c00000| PB 0x0000000095c00000| Complete 
| 349|0x0000000095d00000, 0x0000000095e00000, 0x0000000095e00000|100%| S|CS|TAMS 0x0000000095d00000| PB 0x0000000095d00000| Complete 
| 350|0x0000000095e00000, 0x0000000095f00000, 0x0000000095f00000|100%| S|CS|TAMS 0x0000000095e00000| PB 0x0000000095e00000| Complete 
| 351|0x0000000095f00000, 0x0000000096000000, 0x0000000096000000|100%| S|CS|TAMS 0x0000000095f00000| PB 0x0000000095f00000| Complete 
| 352|0x0000000096000000, 0x0000000096100000, 0x0000000096100000|100%| S|CS|TAMS 0x0000000096000000| PB 0x0000000096000000| Complete 
| 353|0x0000000096100000, 0x0000000096200000, 0x0000000096200000|100%| S|CS|TAMS 0x0000000096100000| PB 0x0000000096100000| Complete 
| 354|0x0000000096200000, 0x0000000096300000, 0x0000000096300000|100%| S|CS|TAMS 0x0000000096200000| PB 0x0000000096200000| Complete 
| 355|0x0000000096300000, 0x0000000096400000, 0x0000000096400000|100%| S|CS|TAMS 0x0000000096300000| PB 0x0000000096300000| Complete 
| 356|0x0000000096400000, 0x0000000096500000, 0x0000000096500000|100%| S|CS|TAMS 0x0000000096400000| PB 0x0000000096400000| Complete 
| 357|0x0000000096500000, 0x0000000096600000, 0x0000000096600000|100%| S|CS|TAMS 0x0000000096500000| PB 0x0000000096500000| Complete 
| 358|0x0000000096600000, 0x0000000096700000, 0x0000000096700000|100%| S|CS|TAMS 0x0000000096600000| PB 0x0000000096600000| Complete 
| 359|0x0000000096700000, 0x0000000096800000, 0x0000000096800000|100%| S|CS|TAMS 0x0000000096700000| PB 0x0000000096700000| Complete 
| 360|0x0000000096800000, 0x0000000096900000, 0x0000000096900000|100%| S|CS|TAMS 0x0000000096800000| PB 0x0000000096800000| Complete 
| 361|0x0000000096900000, 0x0000000096a00000, 0x0000000096a00000|100%| S|CS|TAMS 0x0000000096900000| PB 0x0000000096900000| Complete 
| 362|0x0000000096a00000, 0x0000000096b00000, 0x0000000096b00000|100%| S|CS|TAMS 0x0000000096a00000| PB 0x0000000096a00000| Complete 
| 363|0x0000000096b00000, 0x0000000096c00000, 0x0000000096c00000|100%| S|CS|TAMS 0x0000000096b00000| PB 0x0000000096b00000| Complete 
| 364|0x0000000096c00000, 0x0000000096d00000, 0x0000000096d00000|100%| S|CS|TAMS 0x0000000096c00000| PB 0x0000000096c00000| Complete 
| 365|0x0000000096d00000, 0x0000000096e00000, 0x0000000096e00000|100%| S|CS|TAMS 0x0000000096d00000| PB 0x0000000096d00000| Complete 
| 366|0x0000000096e00000, 0x0000000096f00000, 0x0000000096f00000|100%| S|CS|TAMS 0x0000000096e00000| PB 0x0000000096e00000| Complete 
| 367|0x0000000096f00000, 0x0000000097000000, 0x0000000097000000|100%| S|CS|TAMS 0x0000000096f00000| PB 0x0000000096f00000| Complete 
| 368|0x0000000097000000, 0x0000000097100000, 0x0000000097100000|100%| S|CS|TAMS 0x0000000097000000| PB 0x0000000097000000| Complete 
| 369|0x0000000097100000, 0x0000000097200000, 0x0000000097200000|100%| S|CS|TAMS 0x0000000097100000| PB 0x0000000097100000| Complete 
| 370|0x0000000097200000, 0x0000000097300000, 0x0000000097300000|100%| S|CS|TAMS 0x0000000097200000| PB 0x0000000097200000| Complete 
| 371|0x0000000097300000, 0x0000000097400000, 0x0000000097400000|100%| S|CS|TAMS 0x0000000097300000| PB 0x0000000097300000| Complete 
| 372|0x0000000097400000, 0x0000000097400000, 0x0000000097500000|  0%| F|  |TAMS 0x0000000097400000| PB 0x0000000097400000| Untracked 
| 373|0x0000000097500000, 0x0000000097500000, 0x0000000097600000|  0%| F|  |TAMS 0x0000000097500000| PB 0x0000000097500000| Untracked 
| 374|0x0000000097600000, 0x0000000097600000, 0x0000000097700000|  0%| F|  |TAMS 0x0000000097600000| PB 0x0000000097600000| Untracked 
| 375|0x0000000097700000, 0x0000000097700000, 0x0000000097800000|  0%| F|  |TAMS 0x0000000097700000| PB 0x0000000097700000| Untracked 
| 376|0x0000000097800000, 0x0000000097800000, 0x0000000097900000|  0%| F|  |TAMS 0x0000000097800000| PB 0x0000000097800000| Untracked 
| 377|0x0000000097900000, 0x0000000097900000, 0x0000000097a00000|  0%| F|  |TAMS 0x0000000097900000| PB 0x0000000097900000| Untracked 
| 378|0x0000000097a00000, 0x0000000097a00000, 0x0000000097b00000|  0%| F|  |TAMS 0x0000000097a00000| PB 0x0000000097a00000| Untracked 
| 379|0x0000000097b00000, 0x0000000097b00000, 0x0000000097c00000|  0%| F|  |TAMS 0x0000000097b00000| PB 0x0000000097b00000| Untracked 
| 380|0x0000000097c00000, 0x0000000097c00000, 0x0000000097d00000|  0%| F|  |TAMS 0x0000000097c00000| PB 0x0000000097c00000| Untracked 
| 381|0x0000000097d00000, 0x0000000097d00000, 0x0000000097e00000|  0%| F|  |TAMS 0x0000000097d00000| PB 0x0000000097d00000| Untracked 
| 382|0x0000000097e00000, 0x0000000097e00000, 0x0000000097f00000|  0%| F|  |TAMS 0x0000000097e00000| PB 0x0000000097e00000| Untracked 
| 383|0x0000000097f00000, 0x0000000097f00000, 0x0000000098000000|  0%| F|  |TAMS 0x0000000097f00000| PB 0x0000000097f00000| Untracked 
| 384|0x0000000098000000, 0x0000000098000000, 0x0000000098100000|  0%| F|  |TAMS 0x0000000098000000| PB 0x0000000098000000| Untracked 
| 385|0x0000000098100000, 0x0000000098100000, 0x0000000098200000|  0%| F|  |TAMS 0x0000000098100000| PB 0x0000000098100000| Untracked 
| 386|0x0000000098200000, 0x0000000098200000, 0x0000000098300000|  0%| F|  |TAMS 0x0000000098200000| PB 0x0000000098200000| Untracked 
| 387|0x0000000098300000, 0x0000000098300000, 0x0000000098400000|  0%| F|  |TAMS 0x0000000098300000| PB 0x0000000098300000| Untracked 
| 388|0x0000000098400000, 0x0000000098400000, 0x0000000098500000|  0%| F|  |TAMS 0x0000000098400000| PB 0x0000000098400000| Untracked 
| 389|0x0000000098500000, 0x0000000098500000, 0x0000000098600000|  0%| F|  |TAMS 0x0000000098500000| PB 0x0000000098500000| Untracked 
| 390|0x0000000098600000, 0x0000000098600000, 0x0000000098700000|  0%| F|  |TAMS 0x0000000098600000| PB 0x0000000098600000| Untracked 
| 391|0x0000000098700000, 0x0000000098700000, 0x0000000098800000|  0%| F|  |TAMS 0x0000000098700000| PB 0x0000000098700000| Untracked 
| 392|0x0000000098800000, 0x0000000098800000, 0x0000000098900000|  0%| F|  |TAMS 0x0000000098800000| PB 0x0000000098800000| Untracked 
| 393|0x0000000098900000, 0x0000000098900000, 0x0000000098a00000|  0%| F|  |TAMS 0x0000000098900000| PB 0x0000000098900000| Untracked 
| 394|0x0000000098a00000, 0x0000000098a00000, 0x0000000098b00000|  0%| F|  |TAMS 0x0000000098a00000| PB 0x0000000098a00000| Untracked 
| 395|0x0000000098b00000, 0x0000000098b00000, 0x0000000098c00000|  0%| F|  |TAMS 0x0000000098b00000| PB 0x0000000098b00000| Untracked 
| 396|0x0000000098c00000, 0x0000000098c00000, 0x0000000098d00000|  0%| F|  |TAMS 0x0000000098c00000| PB 0x0000000098c00000| Untracked 
| 397|0x0000000098d00000, 0x0000000098d00000, 0x0000000098e00000|  0%| F|  |TAMS 0x0000000098d00000| PB 0x0000000098d00000| Untracked 
| 398|0x0000000098e00000, 0x0000000098e00000, 0x0000000098f00000|  0%| F|  |TAMS 0x0000000098e00000| PB 0x0000000098e00000| Untracked 
| 399|0x0000000098f00000, 0x0000000098f00000, 0x0000000099000000|  0%| F|  |TAMS 0x0000000098f00000| PB 0x0000000098f00000| Untracked 
| 400|0x0000000099000000, 0x0000000099000000, 0x0000000099100000|  0%| F|  |TAMS 0x0000000099000000| PB 0x0000000099000000| Untracked 
| 401|0x0000000099100000, 0x0000000099100000, 0x0000000099200000|  0%| F|  |TAMS 0x0000000099100000| PB 0x0000000099100000| Untracked 
| 402|0x0000000099200000, 0x0000000099200000, 0x0000000099300000|  0%| F|  |TAMS 0x0000000099200000| PB 0x0000000099200000| Untracked 
| 403|0x0000000099300000, 0x0000000099300000, 0x0000000099400000|  0%| F|  |TAMS 0x0000000099300000| PB 0x0000000099300000| Untracked 
| 404|0x0000000099400000, 0x0000000099400000, 0x0000000099500000|  0%| F|  |TAMS 0x0000000099400000| PB 0x0000000099400000| Untracked 
| 405|0x0000000099500000, 0x0000000099500000, 0x0000000099600000|  0%| F|  |TAMS 0x0000000099500000| PB 0x0000000099500000| Untracked 
| 406|0x0000000099600000, 0x0000000099600000, 0x0000000099700000|  0%| F|  |TAMS 0x0000000099600000| PB 0x0000000099600000| Untracked 
| 407|0x0000000099700000, 0x0000000099700000, 0x0000000099800000|  0%| F|  |TAMS 0x0000000099700000| PB 0x0000000099700000| Untracked 
| 408|0x0000000099800000, 0x0000000099800000, 0x0000000099900000|  0%| F|  |TAMS 0x0000000099800000| PB 0x0000000099800000| Untracked 
| 409|0x0000000099900000, 0x0000000099900000, 0x0000000099a00000|  0%| F|  |TAMS 0x0000000099900000| PB 0x0000000099900000| Untracked 
| 410|0x0000000099a00000, 0x0000000099a00000, 0x0000000099b00000|  0%| F|  |TAMS 0x0000000099a00000| PB 0x0000000099a00000| Untracked 
| 411|0x0000000099b00000, 0x0000000099b00000, 0x0000000099c00000|  0%| F|  |TAMS 0x0000000099b00000| PB 0x0000000099b00000| Untracked 
| 412|0x0000000099c00000, 0x0000000099c00000, 0x0000000099d00000|  0%| F|  |TAMS 0x0000000099c00000| PB 0x0000000099c00000| Untracked 
| 413|0x0000000099d00000, 0x0000000099d00000, 0x0000000099e00000|  0%| F|  |TAMS 0x0000000099d00000| PB 0x0000000099d00000| Untracked 
| 414|0x0000000099e00000, 0x0000000099e00000, 0x0000000099f00000|  0%| F|  |TAMS 0x0000000099e00000| PB 0x0000000099e00000| Untracked 
| 415|0x0000000099f00000, 0x0000000099f00000, 0x000000009a000000|  0%| F|  |TAMS 0x0000000099f00000| PB 0x0000000099f00000| Untracked 
| 416|0x000000009a000000, 0x000000009a000000, 0x000000009a100000|  0%| F|  |TAMS 0x000000009a000000| PB 0x000000009a000000| Untracked 
| 417|0x000000009a100000, 0x000000009a100000, 0x000000009a200000|  0%| F|  |TAMS 0x000000009a100000| PB 0x000000009a100000| Untracked 
| 418|0x000000009a200000, 0x000000009a200000, 0x000000009a300000|  0%| F|  |TAMS 0x000000009a200000| PB 0x000000009a200000| Untracked 
| 419|0x000000009a300000, 0x000000009a300000, 0x000000009a400000|  0%| F|  |TAMS 0x000000009a300000| PB 0x000000009a300000| Untracked 
| 420|0x000000009a400000, 0x000000009a400000, 0x000000009a500000|  0%| F|  |TAMS 0x000000009a400000| PB 0x000000009a400000| Untracked 
| 421|0x000000009a500000, 0x000000009a500000, 0x000000009a600000|  0%| F|  |TAMS 0x000000009a500000| PB 0x000000009a500000| Untracked 
| 422|0x000000009a600000, 0x000000009a600000, 0x000000009a700000|  0%| F|  |TAMS 0x000000009a600000| PB 0x000000009a600000| Untracked 
| 423|0x000000009a700000, 0x000000009a700000, 0x000000009a800000|  0%| F|  |TAMS 0x000000009a700000| PB 0x000000009a700000| Untracked 
| 424|0x000000009a800000, 0x000000009a800000, 0x000000009a900000|  0%| F|  |TAMS 0x000000009a800000| PB 0x000000009a800000| Untracked 
| 425|0x000000009a900000, 0x000000009a900000, 0x000000009aa00000|  0%| F|  |TAMS 0x000000009a900000| PB 0x000000009a900000| Untracked 
| 426|0x000000009aa00000, 0x000000009aa00000, 0x000000009ab00000|  0%| F|  |TAMS 0x000000009aa00000| PB 0x000000009aa00000| Untracked 
| 427|0x000000009ab00000, 0x000000009ab00000, 0x000000009ac00000|  0%| F|  |TAMS 0x000000009ab00000| PB 0x000000009ab00000| Untracked 
| 428|0x000000009ac00000, 0x000000009ac00000, 0x000000009ad00000|  0%| F|  |TAMS 0x000000009ac00000| PB 0x000000009ac00000| Untracked 
| 429|0x000000009ad00000, 0x000000009ad00000, 0x000000009ae00000|  0%| F|  |TAMS 0x000000009ad00000| PB 0x000000009ad00000| Untracked 
| 430|0x000000009ae00000, 0x000000009ae00000, 0x000000009af00000|  0%| F|  |TAMS 0x000000009ae00000| PB 0x000000009ae00000| Untracked 
| 431|0x000000009af00000, 0x000000009af00000, 0x000000009b000000|  0%| F|  |TAMS 0x000000009af00000| PB 0x000000009af00000| Untracked 
| 432|0x000000009b000000, 0x000000009b000000, 0x000000009b100000|  0%| F|  |TAMS 0x000000009b000000| PB 0x000000009b000000| Untracked 
| 433|0x000000009b100000, 0x000000009b100000, 0x000000009b200000|  0%| F|  |TAMS 0x000000009b100000| PB 0x000000009b100000| Untracked 
| 434|0x000000009b200000, 0x000000009b200000, 0x000000009b300000|  0%| F|  |TAMS 0x000000009b200000| PB 0x000000009b200000| Untracked 
| 435|0x000000009b300000, 0x000000009b3b35e0, 0x000000009b400000| 70%| E|  |TAMS 0x000000009b300000| PB 0x000000009b300000| Complete 
| 436|0x000000009b400000, 0x000000009b500000, 0x000000009b500000|100%| E|CS|TAMS 0x000000009b400000| PB 0x000000009b400000| Complete 
| 437|0x000000009b500000, 0x000000009b600000, 0x000000009b600000|100%| E|CS|TAMS 0x000000009b500000| PB 0x000000009b500000| Complete 
| 438|0x000000009b600000, 0x000000009b700000, 0x000000009b700000|100%| E|CS|TAMS 0x000000009b600000| PB 0x000000009b600000| Complete 
| 439|0x000000009b700000, 0x000000009b800000, 0x000000009b800000|100%| E|CS|TAMS 0x000000009b700000| PB 0x000000009b700000| Complete 
| 440|0x000000009b800000, 0x000000009b900000, 0x000000009b900000|100%| E|CS|TAMS 0x000000009b800000| PB 0x000000009b800000| Complete 
| 441|0x000000009b900000, 0x000000009ba00000, 0x000000009ba00000|100%| E|CS|TAMS 0x000000009b900000| PB 0x000000009b900000| Complete 
| 442|0x000000009ba00000, 0x000000009bb00000, 0x000000009bb00000|100%| E|CS|TAMS 0x000000009ba00000| PB 0x000000009ba00000| Complete 
| 443|0x000000009bb00000, 0x000000009bc00000, 0x000000009bc00000|100%| E|CS|TAMS 0x000000009bb00000| PB 0x000000009bb00000| Complete 
| 444|0x000000009bc00000, 0x000000009bd00000, 0x000000009bd00000|100%| E|CS|TAMS 0x000000009bc00000| PB 0x000000009bc00000| Complete 
| 445|0x000000009bd00000, 0x000000009be00000, 0x000000009be00000|100%| E|CS|TAMS 0x000000009bd00000| PB 0x000000009bd00000| Complete 
| 446|0x000000009be00000, 0x000000009bf00000, 0x000000009bf00000|100%| E|CS|TAMS 0x000000009be00000| PB 0x000000009be00000| Complete 
| 447|0x000000009bf00000, 0x000000009c000000, 0x000000009c000000|100%| E|CS|TAMS 0x000000009bf00000| PB 0x000000009bf00000| Complete 
| 448|0x000000009c000000, 0x000000009c100000, 0x000000009c100000|100%| E|CS|TAMS 0x000000009c000000| PB 0x000000009c000000| Complete 
| 449|0x000000009c100000, 0x000000009c200000, 0x000000009c200000|100%| E|CS|TAMS 0x000000009c100000| PB 0x000000009c100000| Complete 
| 450|0x000000009c200000, 0x000000009c300000, 0x000000009c300000|100%| E|CS|TAMS 0x000000009c200000| PB 0x000000009c200000| Complete 
| 451|0x000000009c300000, 0x000000009c400000, 0x000000009c400000|100%| E|CS|TAMS 0x000000009c300000| PB 0x000000009c300000| Complete 
| 452|0x000000009c400000, 0x000000009c500000, 0x000000009c500000|100%| E|CS|TAMS 0x000000009c400000| PB 0x000000009c400000| Complete 
| 453|0x000000009c500000, 0x000000009c600000, 0x000000009c600000|100%| E|CS|TAMS 0x000000009c500000| PB 0x000000009c500000| Complete 
| 454|0x000000009c600000, 0x000000009c700000, 0x000000009c700000|100%| E|CS|TAMS 0x000000009c600000| PB 0x000000009c600000| Complete 
| 455|0x000000009c700000, 0x000000009c800000, 0x000000009c800000|100%| E|CS|TAMS 0x000000009c700000| PB 0x000000009c700000| Complete 
| 456|0x000000009c800000, 0x000000009c900000, 0x000000009c900000|100%| E|CS|TAMS 0x000000009c800000| PB 0x000000009c800000| Complete 
| 457|0x000000009c900000, 0x000000009ca00000, 0x000000009ca00000|100%| E|CS|TAMS 0x000000009c900000| PB 0x000000009c900000| Complete 
| 458|0x000000009ca00000, 0x000000009cb00000, 0x000000009cb00000|100%| E|CS|TAMS 0x000000009ca00000| PB 0x000000009ca00000| Complete 
| 459|0x000000009cb00000, 0x000000009cc00000, 0x000000009cc00000|100%| E|CS|TAMS 0x000000009cb00000| PB 0x000000009cb00000| Complete 
| 460|0x000000009cc00000, 0x000000009cd00000, 0x000000009cd00000|100%| E|CS|TAMS 0x000000009cc00000| PB 0x000000009cc00000| Complete 
| 461|0x000000009cd00000, 0x000000009ce00000, 0x000000009ce00000|100%| E|CS|TAMS 0x000000009cd00000| PB 0x000000009cd00000| Complete 
| 462|0x000000009ce00000, 0x000000009cf00000, 0x000000009cf00000|100%| E|CS|TAMS 0x000000009ce00000| PB 0x000000009ce00000| Complete 
| 463|0x000000009cf00000, 0x000000009d000000, 0x000000009d000000|100%| E|CS|TAMS 0x000000009cf00000| PB 0x000000009cf00000| Complete 
| 464|0x000000009d000000, 0x000000009d100000, 0x000000009d100000|100%| E|CS|TAMS 0x000000009d000000| PB 0x000000009d000000| Complete 
| 465|0x000000009d100000, 0x000000009d200000, 0x000000009d200000|100%| E|CS|TAMS 0x000000009d100000| PB 0x000000009d100000| Complete 
| 466|0x000000009d200000, 0x000000009d300000, 0x000000009d300000|100%| E|CS|TAMS 0x000000009d200000| PB 0x000000009d200000| Complete 
| 467|0x000000009d300000, 0x000000009d400000, 0x000000009d400000|100%| E|CS|TAMS 0x000000009d300000| PB 0x000000009d300000| Complete 
| 468|0x000000009d400000, 0x000000009d500000, 0x000000009d500000|100%| E|CS|TAMS 0x000000009d400000| PB 0x000000009d400000| Complete 
| 469|0x000000009d500000, 0x000000009d600000, 0x000000009d600000|100%| E|CS|TAMS 0x000000009d500000| PB 0x000000009d500000| Complete 
| 470|0x000000009d600000, 0x000000009d700000, 0x000000009d700000|100%| E|CS|TAMS 0x000000009d600000| PB 0x000000009d600000| Complete 
| 471|0x000000009d700000, 0x000000009d800000, 0x000000009d800000|100%| E|CS|TAMS 0x000000009d700000| PB 0x000000009d700000| Complete 
| 472|0x000000009d800000, 0x000000009d900000, 0x000000009d900000|100%| E|CS|TAMS 0x000000009d800000| PB 0x000000009d800000| Complete 
| 473|0x000000009d900000, 0x000000009da00000, 0x000000009da00000|100%| E|CS|TAMS 0x000000009d900000| PB 0x000000009d900000| Complete 
| 474|0x000000009da00000, 0x000000009db00000, 0x000000009db00000|100%| E|CS|TAMS 0x000000009da00000| PB 0x000000009da00000| Complete 
| 475|0x000000009db00000, 0x000000009dc00000, 0x000000009dc00000|100%| E|CS|TAMS 0x000000009db00000| PB 0x000000009db00000| Complete 
| 476|0x000000009dc00000, 0x000000009dd00000, 0x000000009dd00000|100%| E|CS|TAMS 0x000000009dc00000| PB 0x000000009dc00000| Complete 
| 477|0x000000009dd00000, 0x000000009de00000, 0x000000009de00000|100%| E|CS|TAMS 0x000000009dd00000| PB 0x000000009dd00000| Complete 
| 478|0x000000009de00000, 0x000000009df00000, 0x000000009df00000|100%| E|CS|TAMS 0x000000009de00000| PB 0x000000009de00000| Complete 
| 479|0x000000009df00000, 0x000000009e000000, 0x000000009e000000|100%| E|CS|TAMS 0x000000009df00000| PB 0x000000009df00000| Complete 
| 480|0x000000009e000000, 0x000000009e100000, 0x000000009e100000|100%| E|CS|TAMS 0x000000009e000000| PB 0x000000009e000000| Complete 
| 481|0x000000009e100000, 0x000000009e200000, 0x000000009e200000|100%| E|CS|TAMS 0x000000009e100000| PB 0x000000009e100000| Complete 
| 482|0x000000009e200000, 0x000000009e300000, 0x000000009e300000|100%| E|CS|TAMS 0x000000009e200000| PB 0x000000009e200000| Complete 
| 483|0x000000009e300000, 0x000000009e400000, 0x000000009e400000|100%| E|CS|TAMS 0x000000009e300000| PB 0x000000009e300000| Complete 
| 484|0x000000009e400000, 0x000000009e500000, 0x000000009e500000|100%| E|CS|TAMS 0x000000009e400000| PB 0x000000009e400000| Complete 
| 485|0x000000009e500000, 0x000000009e600000, 0x000000009e600000|100%| E|CS|TAMS 0x000000009e500000| PB 0x000000009e500000| Complete 
| 486|0x000000009e600000, 0x000000009e700000, 0x000000009e700000|100%| E|CS|TAMS 0x000000009e600000| PB 0x000000009e600000| Complete 
| 487|0x000000009e700000, 0x000000009e800000, 0x000000009e800000|100%| E|CS|TAMS 0x000000009e700000| PB 0x000000009e700000| Complete 
| 488|0x000000009e800000, 0x000000009e900000, 0x000000009e900000|100%| E|CS|TAMS 0x000000009e800000| PB 0x000000009e800000| Complete 
| 489|0x000000009e900000, 0x000000009ea00000, 0x000000009ea00000|100%| E|CS|TAMS 0x000000009e900000| PB 0x000000009e900000| Complete 
| 490|0x000000009ea00000, 0x000000009eb00000, 0x000000009eb00000|100%| E|CS|TAMS 0x000000009ea00000| PB 0x000000009ea00000| Complete 
| 491|0x000000009eb00000, 0x000000009ec00000, 0x000000009ec00000|100%| E|CS|TAMS 0x000000009eb00000| PB 0x000000009eb00000| Complete 
| 492|0x000000009ec00000, 0x000000009ed00000, 0x000000009ed00000|100%| E|CS|TAMS 0x000000009ec00000| PB 0x000000009ec00000| Complete 
| 493|0x000000009ed00000, 0x000000009ee00000, 0x000000009ee00000|100%| E|CS|TAMS 0x000000009ed00000| PB 0x000000009ed00000| Complete 
| 494|0x000000009ee00000, 0x000000009ef00000, 0x000000009ef00000|100%| E|CS|TAMS 0x000000009ee00000| PB 0x000000009ee00000| Complete 
| 495|0x000000009ef00000, 0x000000009f000000, 0x000000009f000000|100%| E|CS|TAMS 0x000000009ef00000| PB 0x000000009ef00000| Complete 
| 496|0x000000009f000000, 0x000000009f100000, 0x000000009f100000|100%| E|  |TAMS 0x000000009f000000| PB 0x000000009f000000| Complete 
| 497|0x000000009f100000, 0x000000009f200000, 0x000000009f200000|100%| E|CS|TAMS 0x000000009f100000| PB 0x000000009f100000| Complete 
| 498|0x000000009f200000, 0x000000009f300000, 0x000000009f300000|100%| E|CS|TAMS 0x000000009f200000| PB 0x000000009f200000| Complete 
| 499|0x000000009f300000, 0x000000009f400000, 0x000000009f400000|100%| E|CS|TAMS 0x000000009f300000| PB 0x000000009f300000| Complete 
| 500|0x000000009f400000, 0x000000009f500000, 0x000000009f500000|100%| E|CS|TAMS 0x000000009f400000| PB 0x000000009f400000| Complete 
| 501|0x000000009f500000, 0x000000009f600000, 0x000000009f600000|100%| E|CS|TAMS 0x000000009f500000| PB 0x000000009f500000| Complete 
| 502|0x000000009f600000, 0x000000009f700000, 0x000000009f700000|100%| E|CS|TAMS 0x000000009f600000| PB 0x000000009f600000| Complete 
| 503|0x000000009f700000, 0x000000009f800000, 0x000000009f800000|100%| E|CS|TAMS 0x000000009f700000| PB 0x000000009f700000| Complete 
| 504|0x000000009f800000, 0x000000009f900000, 0x000000009f900000|100%| E|CS|TAMS 0x000000009f800000| PB 0x000000009f800000| Complete 
| 505|0x000000009f900000, 0x000000009fa00000, 0x000000009fa00000|100%| E|CS|TAMS 0x000000009f900000| PB 0x000000009f900000| Complete 
| 506|0x000000009fa00000, 0x000000009fb00000, 0x000000009fb00000|100%| E|CS|TAMS 0x000000009fa00000| PB 0x000000009fa00000| Complete 
| 507|0x000000009fb00000, 0x000000009fc00000, 0x000000009fc00000|100%| E|CS|TAMS 0x000000009fb00000| PB 0x000000009fb00000| Complete 
| 508|0x000000009fc00000, 0x000000009fd00000, 0x000000009fd00000|100%| E|CS|TAMS 0x000000009fc00000| PB 0x000000009fc00000| Complete 
| 509|0x000000009fd00000, 0x000000009fe00000, 0x000000009fe00000|100%| E|CS|TAMS 0x000000009fd00000| PB 0x000000009fd00000| Complete 
| 510|0x000000009fe00000, 0x000000009ff00000, 0x000000009ff00000|100%| E|CS|TAMS 0x000000009fe00000| PB 0x000000009fe00000| Complete 
| 511|0x000000009ff00000, 0x00000000a0000000, 0x00000000a0000000|100%| E|CS|TAMS 0x000000009ff00000| PB 0x000000009ff00000| Complete 
| 512|0x00000000a0000000, 0x00000000a0100000, 0x00000000a0100000|100%| E|CS|TAMS 0x00000000a0000000| PB 0x00000000a0000000| Complete 
| 513|0x00000000a0100000, 0x00000000a0200000, 0x00000000a0200000|100%| E|CS|TAMS 0x00000000a0100000| PB 0x00000000a0100000| Complete 
| 514|0x00000000a0200000, 0x00000000a0300000, 0x00000000a0300000|100%| E|CS|TAMS 0x00000000a0200000| PB 0x00000000a0200000| Complete 
| 515|0x00000000a0300000, 0x00000000a0400000, 0x00000000a0400000|100%| E|CS|TAMS 0x00000000a0300000| PB 0x00000000a0300000| Complete 
| 516|0x00000000a0400000, 0x00000000a0500000, 0x00000000a0500000|100%| E|CS|TAMS 0x00000000a0400000| PB 0x00000000a0400000| Complete 
| 517|0x00000000a0500000, 0x00000000a0600000, 0x00000000a0600000|100%| E|CS|TAMS 0x00000000a0500000| PB 0x00000000a0500000| Complete 
| 518|0x00000000a0600000, 0x00000000a0700000, 0x00000000a0700000|100%| E|CS|TAMS 0x00000000a0600000| PB 0x00000000a0600000| Complete 
| 519|0x00000000a0700000, 0x00000000a0800000, 0x00000000a0800000|100%| E|CS|TAMS 0x00000000a0700000| PB 0x00000000a0700000| Complete 
| 520|0x00000000a0800000, 0x00000000a0900000, 0x00000000a0900000|100%| E|CS|TAMS 0x00000000a0800000| PB 0x00000000a0800000| Complete 
| 521|0x00000000a0900000, 0x00000000a0a00000, 0x00000000a0a00000|100%| E|CS|TAMS 0x00000000a0900000| PB 0x00000000a0900000| Complete 
| 522|0x00000000a0a00000, 0x00000000a0b00000, 0x00000000a0b00000|100%| E|CS|TAMS 0x00000000a0a00000| PB 0x00000000a0a00000| Complete 
| 523|0x00000000a0b00000, 0x00000000a0c00000, 0x00000000a0c00000|100%| E|CS|TAMS 0x00000000a0b00000| PB 0x00000000a0b00000| Complete 
| 524|0x00000000a0c00000, 0x00000000a0d00000, 0x00000000a0d00000|100%| E|CS|TAMS 0x00000000a0c00000| PB 0x00000000a0c00000| Complete 
| 525|0x00000000a0d00000, 0x00000000a0e00000, 0x00000000a0e00000|100%| E|CS|TAMS 0x00000000a0d00000| PB 0x00000000a0d00000| Complete 
| 526|0x00000000a0e00000, 0x00000000a0f00000, 0x00000000a0f00000|100%| E|CS|TAMS 0x00000000a0e00000| PB 0x00000000a0e00000| Complete 
| 527|0x00000000a0f00000, 0x00000000a1000000, 0x00000000a1000000|100%| E|CS|TAMS 0x00000000a0f00000| PB 0x00000000a0f00000| Complete 
| 528|0x00000000a1000000, 0x00000000a1100000, 0x00000000a1100000|100%| E|CS|TAMS 0x00000000a1000000| PB 0x00000000a1000000| Complete 
| 529|0x00000000a1100000, 0x00000000a1200000, 0x00000000a1200000|100%| E|CS|TAMS 0x00000000a1100000| PB 0x00000000a1100000| Complete 
| 530|0x00000000a1200000, 0x00000000a1300000, 0x00000000a1300000|100%| E|CS|TAMS 0x00000000a1200000| PB 0x00000000a1200000| Complete 
|1992|0x00000000fc800000, 0x00000000fc900000, 0x00000000fc900000|100%| E|CS|TAMS 0x00000000fc800000| PB 0x00000000fc800000| Complete 
|1993|0x00000000fc900000, 0x00000000fca00000, 0x00000000fca00000|100%| E|CS|TAMS 0x00000000fc900000| PB 0x00000000fc900000| Complete 
|1994|0x00000000fca00000, 0x00000000fcb00000, 0x00000000fcb00000|100%| E|CS|TAMS 0x00000000fca00000| PB 0x00000000fca00000| Complete 
|1995|0x00000000fcb00000, 0x00000000fcc00000, 0x00000000fcc00000|100%| E|CS|TAMS 0x00000000fcb00000| PB 0x00000000fcb00000| Complete 
|1996|0x00000000fcc00000, 0x00000000fcd00000, 0x00000000fcd00000|100%| O|  |TAMS 0x00000000fcc00000| PB 0x00000000fcc00000| Untracked 
|1997|0x00000000fcd00000, 0x00000000fce00000, 0x00000000fce00000|100%| O|  |TAMS 0x00000000fcd00000| PB 0x00000000fcd00000| Untracked 
|1998|0x00000000fce00000, 0x00000000fcf00000, 0x00000000fcf00000|100%| O|  |TAMS 0x00000000fce00000| PB 0x00000000fce00000| Untracked 
|1999|0x00000000fcf00000, 0x00000000fd000000, 0x00000000fd000000|100%| O|  |TAMS 0x00000000fcf00000| PB 0x00000000fcf00000| Untracked 
|2000|0x00000000fd000000, 0x00000000fd100000, 0x00000000fd100000|100%| E|CS|TAMS 0x00000000fd000000| PB 0x00000000fd000000| Complete 
|2001|0x00000000fd100000, 0x00000000fd200000, 0x00000000fd200000|100%| E|CS|TAMS 0x00000000fd100000| PB 0x00000000fd100000| Complete 
|2002|0x00000000fd200000, 0x00000000fd300000, 0x00000000fd300000|100%| E|CS|TAMS 0x00000000fd200000| PB 0x00000000fd200000| Complete 
|2003|0x00000000fd300000, 0x00000000fd400000, 0x00000000fd400000|100%| E|CS|TAMS 0x00000000fd300000| PB 0x00000000fd300000| Complete 
|2004|0x00000000fd400000, 0x00000000fd500000, 0x00000000fd500000|100%| E|CS|TAMS 0x00000000fd400000| PB 0x00000000fd400000| Complete 
|2005|0x00000000fd500000, 0x00000000fd600000, 0x00000000fd600000|100%| E|CS|TAMS 0x00000000fd500000| PB 0x00000000fd500000| Complete 
|2006|0x00000000fd600000, 0x00000000fd700000, 0x00000000fd700000|100%| E|CS|TAMS 0x00000000fd600000| PB 0x00000000fd600000| Complete 
|2007|0x00000000fd700000, 0x00000000fd800000, 0x00000000fd800000|100%| E|CS|TAMS 0x00000000fd700000| PB 0x00000000fd700000| Complete 
|2008|0x00000000fd800000, 0x00000000fd900000, 0x00000000fd900000|100%| O|  |TAMS 0x00000000fd800000| PB 0x00000000fd800000| Untracked 
|2009|0x00000000fd900000, 0x00000000fda00000, 0x00000000fda00000|100%| E|CS|TAMS 0x00000000fd900000| PB 0x00000000fd900000| Complete 
|2010|0x00000000fda00000, 0x00000000fdb00000, 0x00000000fdb00000|100%| E|CS|TAMS 0x00000000fda00000| PB 0x00000000fda00000| Complete 
|2011|0x00000000fdb00000, 0x00000000fdc00000, 0x00000000fdc00000|100%| E|CS|TAMS 0x00000000fdb00000| PB 0x00000000fdb00000| Complete 
|2012|0x00000000fdc00000, 0x00000000fdd00000, 0x00000000fdd00000|100%| E|CS|TAMS 0x00000000fdc00000| PB 0x00000000fdc00000| Complete 
|2013|0x00000000fdd00000, 0x00000000fde00000, 0x00000000fde00000|100%| E|CS|TAMS 0x00000000fdd00000| PB 0x00000000fdd00000| Complete 
|2014|0x00000000fde00000, 0x00000000fdf00000, 0x00000000fdf00000|100%| E|CS|TAMS 0x00000000fde00000| PB 0x00000000fde00000| Complete 
|2015|0x00000000fdf00000, 0x00000000fe000000, 0x00000000fe000000|100%| E|CS|TAMS 0x00000000fdf00000| PB 0x00000000fdf00000| Complete 
|2016|0x00000000fe000000, 0x00000000fe100000, 0x00000000fe100000|100%| E|CS|TAMS 0x00000000fe000000| PB 0x00000000fe000000| Complete 
|2017|0x00000000fe100000, 0x00000000fe200000, 0x00000000fe200000|100%| E|CS|TAMS 0x00000000fe100000| PB 0x00000000fe100000| Complete 
|2018|0x00000000fe200000, 0x00000000fe300000, 0x00000000fe300000|100%| E|CS|TAMS 0x00000000fe200000| PB 0x00000000fe200000| Complete 
|2019|0x00000000fe300000, 0x00000000fe400000, 0x00000000fe400000|100%| E|CS|TAMS 0x00000000fe300000| PB 0x00000000fe300000| Complete 
|2020|0x00000000fe400000, 0x00000000fe500000, 0x00000000fe500000|100%| E|CS|TAMS 0x00000000fe400000| PB 0x00000000fe400000| Complete 
|2021|0x00000000fe500000, 0x00000000fe600000, 0x00000000fe600000|100%| E|CS|TAMS 0x00000000fe500000| PB 0x00000000fe500000| Complete 
|2022|0x00000000fe600000, 0x00000000fe700000, 0x00000000fe700000|100%| E|CS|TAMS 0x00000000fe600000| PB 0x00000000fe600000| Complete 
|2023|0x00000000fe700000, 0x00000000fe800000, 0x00000000fe800000|100%| E|CS|TAMS 0x00000000fe700000| PB 0x00000000fe700000| Complete 
|2024|0x00000000fe800000, 0x00000000fe900000, 0x00000000fe900000|100%| E|CS|TAMS 0x00000000fe800000| PB 0x00000000fe800000| Complete 
|2025|0x00000000fe900000, 0x00000000fea00000, 0x00000000fea00000|100%| E|CS|TAMS 0x00000000fe900000| PB 0x00000000fe900000| Complete 
|2026|0x00000000fea00000, 0x00000000feb00000, 0x00000000feb00000|100%| E|CS|TAMS 0x00000000fea00000| PB 0x00000000fea00000| Complete 
|2027|0x00000000feb00000, 0x00000000fec00000, 0x00000000fec00000|100%| E|CS|TAMS 0x00000000feb00000| PB 0x00000000feb00000| Complete 
|2028|0x00000000fec00000, 0x00000000fed00000, 0x00000000fed00000|100%| E|CS|TAMS 0x00000000fec00000| PB 0x00000000fec00000| Complete 
|2029|0x00000000fed00000, 0x00000000fee00000, 0x00000000fee00000|100%| E|CS|TAMS 0x00000000fed00000| PB 0x00000000fed00000| Complete 
|2030|0x00000000fee00000, 0x00000000fef00000, 0x00000000fef00000|100%| E|CS|TAMS 0x00000000fee00000| PB 0x00000000fee00000| Complete 
|2031|0x00000000fef00000, 0x00000000ff000000, 0x00000000ff000000|100%| E|CS|TAMS 0x00000000fef00000| PB 0x00000000fef00000| Complete 
|2032|0x00000000ff000000, 0x00000000ff100000, 0x00000000ff100000|100%| E|CS|TAMS 0x00000000ff000000| PB 0x00000000ff000000| Complete 
|2033|0x00000000ff100000, 0x00000000ff200000, 0x00000000ff200000|100%| E|CS|TAMS 0x00000000ff100000| PB 0x00000000ff100000| Complete 
|2034|0x00000000ff200000, 0x00000000ff300000, 0x00000000ff300000|100%| E|CS|TAMS 0x00000000ff200000| PB 0x00000000ff200000| Complete 
|2035|0x00000000ff300000, 0x00000000ff400000, 0x00000000ff400000|100%| E|CS|TAMS 0x00000000ff300000| PB 0x00000000ff300000| Complete 
|2036|0x00000000ff400000, 0x00000000ff500000, 0x00000000ff500000|100%| E|CS|TAMS 0x00000000ff400000| PB 0x00000000ff400000| Complete 
|2037|0x00000000ff500000, 0x00000000ff600000, 0x00000000ff600000|100%| E|CS|TAMS 0x00000000ff500000| PB 0x00000000ff500000| Complete 
|2038|0x00000000ff600000, 0x00000000ff700000, 0x00000000ff700000|100%| E|CS|TAMS 0x00000000ff600000| PB 0x00000000ff600000| Complete 
|2039|0x00000000ff700000, 0x00000000ff800000, 0x00000000ff800000|100%| O|  |TAMS 0x00000000ff700000| PB 0x00000000ff700000| Untracked 
|2040|0x00000000ff800000, 0x00000000ff900000, 0x00000000ff900000|100%| O|  |TAMS 0x00000000ff800000| PB 0x00000000ff800000| Untracked 
|2041|0x00000000ff900000, 0x00000000ffa00000, 0x00000000ffa00000|100%| O|  |TAMS 0x00000000ff900000| PB 0x00000000ff900000| Untracked 
|2042|0x00000000ffa00000, 0x00000000ffb00000, 0x00000000ffb00000|100%| E|CS|TAMS 0x00000000ffa00000| PB 0x00000000ffa00000| Complete 
|2043|0x00000000ffb00000, 0x00000000ffc00000, 0x00000000ffc00000|100%| E|CS|TAMS 0x00000000ffb00000| PB 0x00000000ffb00000| Complete 
|2044|0x00000000ffc00000, 0x00000000ffd00000, 0x00000000ffd00000|100%| E|CS|TAMS 0x00000000ffc00000| PB 0x00000000ffc00000| Complete 
|2045|0x00000000ffd00000, 0x00000000ffe00000, 0x00000000ffe00000|100%| E|CS|TAMS 0x00000000ffd00000| PB 0x00000000ffd00000| Complete 
|2046|0x00000000ffe00000, 0x00000000fff00000, 0x00000000fff00000|100%| E|CS|TAMS 0x00000000ffe00000| PB 0x00000000ffe00000| Complete 
|2047|0x00000000fff00000, 0x0000000100000000, 0x0000000100000000|100%| E|CS|TAMS 0x00000000fff00000| PB 0x00000000fff00000| Complete 

Card table byte_map: [0x00000207f9d60000,0x00000207fa160000] _byte_map_base: 0x00000207f9960000

Marking Bits: (CMBitMap*) 0x00000207e50b3140
 Bits: [0x00000207fa160000, 0x00000207fc160000)

Polling page: 0x00000207e4da0000

Metaspace:

Usage:
  Non-class:    140.32 MB used.
      Class:     20.15 MB used.
       Both:    160.48 MB used.

Virtual space:
  Non-class space:      192.00 MB reserved,     141.44 MB ( 74%) committed,  3 nodes.
      Class space:        1.00 GB reserved,      21.25 MB (  2%) committed,  1 nodes.
             Both:        1.19 GB reserved,     162.69 MB ( 13%) committed. 

Chunk freelists:
   Non-Class:  2.03 MB
       Class:  10.61 MB
        Both:  12.64 MB

MaxMetaspaceSize: unlimited
CompressedClassSpaceSize: 1.00 GB
Initial GC threshold: 21.00 MB
Current GC threshold: 270.94 MB
CDS: off
 - commit_granule_bytes: 65536.
 - commit_granule_words: 8192.
 - virtual_space_node_default_size: 8388608.
 - enlarge_chunks_in_place: 1.
 - use_allocation_guard: 0.


Internal statistics:

num_allocs_failed_limit: 18.
num_arena_births: 4236.
num_arena_deaths: 10.
num_vsnodes_births: 4.
num_vsnodes_deaths: 0.
num_space_committed: 2601.
num_space_uncommitted: 0.
num_chunks_returned_to_freelist: 40.
num_chunks_taken_from_freelist: 10299.
num_chunk_merges: 19.
num_chunk_splits: 7415.
num_chunks_enlarged: 5367.
num_inconsistent_stats: 0.

CodeHeap 'non-profiled nmethods': size=119168Kb used=12692Kb max_used=14925Kb free=106475Kb
 bounds [0x00000207f1710000, 0x00000207f25b0000, 0x00000207f8b70000]
CodeHeap 'profiled nmethods': size=119104Kb used=33149Kb max_used=39797Kb free=85954Kb
 bounds [0x00000207e9b70000, 0x00000207ec250000, 0x00000207f0fc0000]
CodeHeap 'non-nmethods': size=7488Kb used=3141Kb max_used=4905Kb free=4346Kb
 bounds [0x00000207f0fc0000, 0x00000207f14a0000, 0x00000207f1710000]
 total_blobs=16921 nmethods=15735 adapters=1087
 compilation: enabled
              stopped_count=0, restarted_count=0
 full_count=0

Compilation events (20 events):
Event: 50.970 Thread 0x00000207ff33c790 nmethod 24030 0x00000207f1d9e390 code [0x00000207f1d9ede0, 0x00000207f1da6788]
Event: 50.970 Thread 0x00000207ff33c790 24263       4       java.util.HashMap::merge (346 bytes)
Event: 50.981 Thread 0x00000207ff33c790 nmethod 24263 0x00000207f184de10 code [0x00000207f184e080, 0x00000207f184f138]
Event: 50.981 Thread 0x00000207ff33c790 24204       4       org.gradle.internal.serialize.SetSerializer::createCollection (6 bytes)
Event: 50.984 Thread 0x00000207ff33c790 nmethod 24204 0x00000207f1898a90 code [0x00000207f1898c60, 0x00000207f1898fd0]
Event: 50.984 Thread 0x00000207ff33c790 24262       4       java.util.stream.Collectors$$Lambda/0x000000010027e510::accept (21 bytes)
Event: 50.985 Thread 0x000002078c0287c0 24267       3       com.google.common.cache.CacheBuilder$1::recordLoadSuccess (1 bytes)
Event: 50.985 Thread 0x000002078c0287c0 nmethod 24267 0x00000207e9d40f90 code [0x00000207e9d41120, 0x00000207e9d41228]
Event: 50.987 Thread 0x00000207ff33c790 nmethod 24262 0x00000207f1809d90 code [0x00000207f1809f60, 0x00000207f180a2a8]
Event: 50.987 Thread 0x00000207ff33c790 24264       4       java.util.stream.Collectors::lambda$toMap$68 (25 bytes)
Event: 50.990 Thread 0x00000207ff33c790 nmethod 24264 0x00000207f1b7d010 code [0x00000207f1b7d1e0, 0x00000207f1b7d458]
Event: 50.990 Thread 0x00000207ff33c790 24265       4       org.gradle.api.internal.initialization.transform.services.CacheInstrumentationDataBuildService$ResolutionData$$Lambda/0x000000010091e2b8::apply (10 bytes)
Event: 50.990 Thread 0x00000207ff33c790 nmethod 24265 0x00000207f17c3810 code [0x00000207f17c39a0, 0x00000207f17c3a68]
Event: 50.990 Thread 0x00000207ff33c790 24266       4       org.gradle.api.internal.initialization.transform.services.CacheInstrumentationDataBuildService$ResolutionData$$Lambda/0x000000010091e510::apply (10 bytes)
Event: 50.991 Thread 0x00000207ff33c790 nmethod 24266 0x00000207f1808b90 code [0x00000207f1808d20, 0x00000207f1808de8]
Event: 50.991 Thread 0x00000207ff33c790 24252 %     4       org.gradle.internal.serialize.MapSerializer::read @ 19 (68 bytes)
Event: 51.006 Thread 0x000002078c0287c0 24268       3       sun.nio.ch.Util::getTemporaryDirectBuffer (55 bytes)
Event: 51.007 Thread 0x000002078c0287c0 nmethod 24268 0x00000207e9d1f190 code [0x00000207e9d1f420, 0x00000207e9d1ff18]
Event: 51.107 Thread 0x000002078c027a20 24273       3       org.gradle.internal.serialize.kryo.KryoBackedDecoder::<init> (26 bytes)
Event: 51.107 Thread 0x000002078c027a20 nmethod 24273 0x00000207e9e4b710 code [0x00000207e9e4b920, 0x00000207e9e4c0d0]

GC Heap History (20 events):
Event: 29.419 GC heap before
{Heap before GC invocations=116 (full 0):
 garbage-first heap   total 531456K, used 486351K [0x0000000080000000, 0x0000000100000000)
  region size 1024K, 282 young (288768K), 16 survivors (16384K)
 Metaspace       used 134032K, committed 136000K, reserved 1179648K
  class space    used 16956K, committed 17920K, reserved 1048576K
}
Event: 29.423 GC heap after
{Heap after GC invocations=117 (full 0):
 garbage-first heap   total 531456K, used 210063K [0x0000000080000000, 0x0000000100000000)
  region size 1024K, 12 young (12288K), 12 survivors (12288K)
 Metaspace       used 134032K, committed 136000K, reserved 1179648K
  class space    used 16956K, committed 17920K, reserved 1048576K
}
Event: 31.164 GC heap before
{Heap before GC invocations=118 (full 0):
 garbage-first heap   total 531456K, used 490639K [0x0000000080000000, 0x0000000100000000)
  region size 1024K, 286 young (292864K), 12 survivors (12288K)
 Metaspace       used 151227K, committed 153472K, reserved 1245184K
  class space    used 19234K, committed 20352K, reserved 1048576K
}
Event: 31.173 GC heap after
{Heap after GC invocations=119 (full 0):
 garbage-first heap   total 531456K, used 217309K [0x0000000080000000, 0x0000000100000000)
  region size 1024K, 19 young (19456K), 19 survivors (19456K)
 Metaspace       used 151227K, committed 153472K, reserved 1245184K
  class space    used 19234K, committed 20352K, reserved 1048576K
}
Event: 39.671 GC heap before
{Heap before GC invocations=119 (full 0):
 garbage-first heap   total 531456K, used 483549K [0x0000000080000000, 0x0000000100000000)
  region size 1024K, 279 young (285696K), 19 survivors (19456K)
 Metaspace       used 163953K, committed 166272K, reserved 1245184K
  class space    used 20629K, committed 21760K, reserved 1048576K
}
Event: 39.686 GC heap after
{Heap after GC invocations=120 (full 0):
 garbage-first heap   total 531456K, used 221796K [0x0000000080000000, 0x0000000100000000)
  region size 1024K, 25 young (25600K), 25 survivors (25600K)
 Metaspace       used 163953K, committed 166272K, reserved 1245184K
  class space    used 20629K, committed 21760K, reserved 1048576K
}
Event: 48.136 GC heap before
{Heap before GC invocations=120 (full 0):
 garbage-first heap   total 531456K, used 268900K [0x0000000080000000, 0x0000000100000000)
  region size 1024K, 72 young (73728K), 25 survivors (25600K)
 Metaspace       used 164016K, committed 166272K, reserved 1245184K
  class space    used 20632K, committed 21760K, reserved 1048576K
}
Event: 48.148 GC heap after
{Heap after GC invocations=121 (full 0):
 garbage-first heap   total 531456K, used 222703K [0x0000000080000000, 0x0000000100000000)
  region size 1024K, 20 young (20480K), 20 survivors (20480K)
 Metaspace       used 164016K, committed 166272K, reserved 1245184K
  class space    used 20632K, committed 21760K, reserved 1048576K
}
Event: 48.508 GC heap before
{Heap before GC invocations=122 (full 0):
 garbage-first heap   total 531456K, used 486895K [0x0000000080000000, 0x0000000100000000)
  region size 1024K, 273 young (279552K), 20 survivors (20480K)
 Metaspace       used 164125K, committed 166400K, reserved 1245184K
  class space    used 20632K, committed 21760K, reserved 1048576K
}
Event: 48.526 GC heap after
{Heap after GC invocations=123 (full 0):
 garbage-first heap   total 531456K, used 236252K [0x0000000080000000, 0x0000000100000000)
  region size 1024K, 28 young (28672K), 28 survivors (28672K)
 Metaspace       used 164125K, committed 166400K, reserved 1245184K
  class space    used 20632K, committed 21760K, reserved 1048576K
}
Event: 48.675 GC heap before
{Heap before GC invocations=123 (full 0):
 garbage-first heap   total 531456K, used 473820K [0x0000000080000000, 0x0000000100000000)
  region size 1024K, 260 young (266240K), 28 survivors (28672K)
 Metaspace       used 164140K, committed 166400K, reserved 1245184K
  class space    used 20632K, committed 21760K, reserved 1048576K
}
Event: 48.690 GC heap after
{Heap after GC invocations=124 (full 0):
 garbage-first heap   total 531456K, used 244049K [0x0000000080000000, 0x0000000100000000)
  region size 1024K, 19 young (19456K), 19 survivors (19456K)
 Metaspace       used 164140K, committed 166400K, reserved 1245184K
  class space    used 20632K, committed 21760K, reserved 1048576K
}
Event: 48.821 GC heap before
{Heap before GC invocations=124 (full 0):
 garbage-first heap   total 531456K, used 411985K [0x0000000080000000, 0x0000000100000000)
  region size 1024K, 185 young (189440K), 19 survivors (19456K)
 Metaspace       used 164142K, committed 166400K, reserved 1245184K
  class space    used 20632K, committed 21760K, reserved 1048576K
}
Event: 48.828 GC heap after
{Heap after GC invocations=125 (full 0):
 garbage-first heap   total 531456K, used 245222K [0x0000000080000000, 0x0000000100000000)
  region size 1024K, 22 young (22528K), 22 survivors (22528K)
 Metaspace       used 164142K, committed 166400K, reserved 1245184K
  class space    used 20632K, committed 21760K, reserved 1048576K
}
Event: 49.100 GC heap before
{Heap before GC invocations=126 (full 0):
 garbage-first heap   total 601088K, used 481766K [0x0000000080000000, 0x0000000100000000)
  region size 1024K, 250 young (256000K), 22 survivors (22528K)
 Metaspace       used 164179K, committed 166464K, reserved 1245184K
  class space    used 20634K, committed 21760K, reserved 1048576K
}
Event: 49.108 GC heap after
{Heap after GC invocations=127 (full 0):
 garbage-first heap   total 601088K, used 253542K [0x0000000080000000, 0x0000000100000000)
  region size 1024K, 20 young (20480K), 20 survivors (20480K)
 Metaspace       used 164179K, committed 166464K, reserved 1245184K
  class space    used 20634K, committed 21760K, reserved 1048576K
}
Event: 49.840 GC heap before
{Heap before GC invocations=127 (full 0):
 garbage-first heap   total 601088K, used 548454K [0x0000000080000000, 0x0000000100000000)
  region size 1024K, 309 young (316416K), 20 survivors (20480K)
 Metaspace       used 164194K, committed 166464K, reserved 1245184K
  class space    used 20634K, committed 21760K, reserved 1048576K
}
Event: 49.846 GC heap after
{Heap after GC invocations=128 (full 0):
 garbage-first heap   total 601088K, used 255386K [0x0000000080000000, 0x0000000100000000)
  region size 1024K, 27 young (27648K), 27 survivors (27648K)
 Metaspace       used 164194K, committed 166464K, reserved 1245184K
  class space    used 20634K, committed 21760K, reserved 1048576K
}
Event: 50.736 GC heap before
{Heap before GC invocations=128 (full 0):
 garbage-first heap   total 601088K, used 465306K [0x0000000080000000, 0x0000000100000000)
  region size 1024K, 234 young (239616K), 27 survivors (27648K)
 Metaspace       used 164194K, committed 166464K, reserved 1245184K
  class space    used 20634K, committed 21760K, reserved 1048576K
}
Event: 50.744 GC heap after
{Heap after GC invocations=129 (full 0):
 garbage-first heap   total 601088K, used 266078K [0x0000000080000000, 0x0000000100000000)
  region size 1024K, 35 young (35840K), 35 survivors (35840K)
 Metaspace       used 164194K, committed 166464K, reserved 1245184K
  class space    used 20634K, committed 21760K, reserved 1048576K
}

Dll operation events (3 events):
Event: 0.008 Loaded shared library C:\Program Files\Android\Android Studio\jbr\bin\java.dll
Event: 0.012 Loaded shared library C:\Program Files\Android\Android Studio\jbr\bin\zip.dll
Event: 0.252 Loaded shared library C:\Program Files\Android\Android Studio\jbr\bin\verify.dll

Deoptimization events (20 events):
Event: 50.714 Thread 0x000002079d0ee200 DEOPT PACKING pc=0x00000207f18adfdc sp=0x00000013ce4fb4c0
Event: 50.714 Thread 0x000002079d0ee200 DEOPT UNPACKING pc=0x00000207f10146a2 sp=0x00000013ce4fb420 mode 2
Event: 50.714 Thread 0x000002079d0ee200 Uncommon trap: trap_request=0xffffff45 fr.pc=0x00000207f1be85b8 relative=0x0000000000000258
Event: 50.714 Thread 0x000002079d0ee200 Uncommon trap: reason=unstable_if action=reinterpret pc=0x00000207f1be85b8 method=com.esotericsoftware.kryo.io.Output.writeString(Ljava/lang/CharSequence;)V @ 83 c2
Event: 50.714 Thread 0x000002079d0ee200 DEOPT PACKING pc=0x00000207f1be85b8 sp=0x00000013ce4fb400
Event: 50.714 Thread 0x000002079d0ee200 DEOPT UNPACKING pc=0x00000207f10146a2 sp=0x00000013ce4fb328 mode 2
Event: 50.765 Thread 0x000002079d0ee200 Uncommon trap: trap_request=0xffffff45 fr.pc=0x00000207f1d99384 relative=0x0000000000004504
Event: 50.765 Thread 0x000002079d0ee200 Uncommon trap: reason=unstable_if action=reinterpret pc=0x00000207f1d99384 method=java.lang.String.substring(II)Ljava/lang/String; @ 31 c2
Event: 50.765 Thread 0x000002079d0ee200 DEOPT PACKING pc=0x00000207f1d99384 sp=0x00000013ce4fb630
Event: 50.765 Thread 0x000002079d0ee200 DEOPT UNPACKING pc=0x00000207f10146a2 sp=0x00000013ce4fb538 mode 2
Event: 50.848 Thread 0x0000020785f21a00 DEOPT PACKING pc=0x00000207eb35c1ea sp=0x00000013c75f5280
Event: 50.848 Thread 0x0000020785f21a00 DEOPT UNPACKING pc=0x00000207f1014e42 sp=0x00000013c75f4718 mode 0
Event: 50.856 Thread 0x000002079d0f3750 Uncommon trap: trap_request=0xffffff45 fr.pc=0x00000207f1ac9ef0 relative=0x0000000000000490
Event: 50.856 Thread 0x000002079d0f3750 Uncommon trap: reason=unstable_if action=reinterpret pc=0x00000207f1ac9ef0 method=java.util.concurrent.ConcurrentHashMap.addCount(JI)V @ 97 c2
Event: 50.856 Thread 0x000002079d0f3750 DEOPT PACKING pc=0x00000207f1ac9ef0 sp=0x00000013ce8fd840
Event: 50.856 Thread 0x000002079d0f3750 DEOPT UNPACKING pc=0x00000207f10146a2 sp=0x00000013ce8fd6f8 mode 2
Event: 51.120 Thread 0x000002079d0f5190 Uncommon trap: trap_request=0xffffff45 fr.pc=0x00000207f231ab6c relative=0x0000000000000eac
Event: 51.120 Thread 0x000002079d0f5190 Uncommon trap: reason=unstable_if action=reinterpret pc=0x00000207f231ab6c method=com.esotericsoftware.kryo.io.Input.readUtf8(I)V @ 48 c2
Event: 51.120 Thread 0x000002079d0f5190 DEOPT PACKING pc=0x00000207f231ab6c sp=0x00000013cf0f9b10
Event: 52.035 Thread 0x000002079d0f5190 DEOPT UNPACKING pc=0x00000207f10146a2 sp=0x00000013cf0f99f0 mode 2

Classes loaded (20 events):
Event: 32.551 Loading class sun/security/ssl/SSLEngineOutputRecord$HandshakeMemo
Event: 32.551 Loading class sun/security/ssl/SSLEngineOutputRecord$RecordMemo
Event: 32.551 Loading class sun/security/ssl/SSLEngineOutputRecord$RecordMemo done
Event: 32.551 Loading class sun/security/ssl/SSLEngineOutputRecord$HandshakeMemo done
Event: 32.587 Loading class sun/security/ssl/PreSharedKeyExtension$SHPreSharedKeySpec
Event: 32.587 Loading class sun/security/ssl/PreSharedKeyExtension$SHPreSharedKeySpec done
Event: 32.691 Loading class com/sun/org/apache/xerces/internal/dom/DeferredCommentImpl
Event: 32.692 Loading class com/sun/org/apache/xerces/internal/dom/CommentImpl
Event: 32.692 Loading class com/sun/org/apache/xerces/internal/dom/CommentImpl done
Event: 32.692 Loading class com/sun/org/apache/xerces/internal/dom/DeferredCommentImpl done
Event: 35.254 Loading class java/util/Collections$ReverseComparator
Event: 35.255 Loading class java/util/Collections$ReverseComparator done
Event: 35.255 Loading class java/util/Collections$ReverseComparator2
Event: 35.255 Loading class java/util/Collections$ReverseComparator2 done
Event: 39.687 Loading class sun/security/ssl/Alert
Event: 39.687 Loading class sun/security/ssl/Alert done
Event: 39.688 Loading class sun/security/ssl/Alert$AlertConsumer
Event: 39.688 Loading class sun/security/ssl/Alert$AlertConsumer done
Event: 39.688 Loading class sun/security/ssl/Alert$Level
Event: 39.688 Loading class sun/security/ssl/Alert$Level done

Classes unloaded (20 events):
Event: 5.275 Thread 0x00000207ff22ebb0 Unloading class 0x000000010083c408 '_BuildScript_$_run_closure1$_closure2'
Event: 5.275 Thread 0x00000207ff22ebb0 Unloading class 0x000000010083c000 '_BuildScript_$_run_closure1'
Event: 5.275 Thread 0x00000207ff22ebb0 Unloading class 0x0000000100837000 '_BuildScript_'
Event: 5.275 Thread 0x00000207ff22ebb0 Unloading class 0x000000010079c550 '_BuildScript_$_run_closure1'
Event: 5.275 Thread 0x00000207ff22ebb0 Unloading class 0x000000010079c000 '_BuildScript_'
Event: 10.089 Thread 0x00000207ff22ebb0 Unloading class 0x000000010094c958 '_BuildScript_$_run_closure1$_closure2'
Event: 10.089 Thread 0x00000207ff22ebb0 Unloading class 0x000000010094c550 '_BuildScript_$_run_closure1'
Event: 10.089 Thread 0x00000207ff22ebb0 Unloading class 0x000000010094c000 '_BuildScript_'
Event: 10.089 Thread 0x00000207ff22ebb0 Unloading class 0x0000000100940958 '_BuildScript_$_run_closure2'
Event: 10.089 Thread 0x00000207ff22ebb0 Unloading class 0x0000000100940550 '_BuildScript_$_run_closure1'
Event: 10.089 Thread 0x00000207ff22ebb0 Unloading class 0x0000000100940000 '_BuildScript_'
Event: 20.201 Thread 0x00000207ff22ebb0 Unloading class 0x0000000100950000 '_BuildScript_$_run_closure1$_closure3'
Event: 20.201 Thread 0x00000207ff22ebb0 Unloading class 0x000000010094f958 '_BuildScript_$_run_closure1$_closure2'
Event: 20.201 Thread 0x00000207ff22ebb0 Unloading class 0x000000010094f550 '_BuildScript_$_run_closure1'
Event: 20.201 Thread 0x00000207ff22ebb0 Unloading class 0x000000010094f000 '_BuildScript_'
Event: 20.201 Thread 0x00000207ff22ebb0 Unloading class 0x000000010094e800 'JetGradlePlugin$_apply_closure1$_closure2$_closure3'
Event: 20.201 Thread 0x00000207ff22ebb0 Unloading class 0x000000010094c9a8 'JetGradlePlugin$_apply_closure1$_closure2'
Event: 20.201 Thread 0x00000207ff22ebb0 Unloading class 0x000000010094c5a0 'JetGradlePlugin$_apply_closure1'
Event: 20.201 Thread 0x00000207ff22ebb0 Unloading class 0x000000010094c2e8 'JetGradlePlugin'
Event: 20.201 Thread 0x00000207ff22ebb0 Unloading class 0x000000010094c000 'RegistryProcessor'

Classes redefined (0 events):
No events

Internal exceptions (20 events):
Event: 33.168 Thread 0x0000020784462cc0 Implicit null exception at 0x00000207ebd658e2 to 0x00000207ebd6646c
Event: 33.168 Thread 0x0000020784464700 Implicit null exception at 0x00000207ebd658e2 to 0x00000207ebd6646c
Event: 33.168 Thread 0x0000020784462cc0 Exception <a 'java/lang/NullPointerException'{0x0000000098e3f920}> (0x0000000098e3f920) 
thrown [s\src\hotspot\share\runtime\sharedRuntime.cpp, line 625]
Event: 33.168 Thread 0x0000020784464700 Exception <a 'java/lang/NullPointerException'{0x0000000098d3fa38}> (0x0000000098d3fa38) 
thrown [s\src\hotspot\share\runtime\sharedRuntime.cpp, line 625]
Event: 33.168 Thread 0x000002078a357a90 Implicit null exception at 0x00000207ebd658e2 to 0x00000207ebd6646c
Event: 33.168 Thread 0x000002078a357a90 Exception <a 'java/lang/NullPointerException'{0x0000000098cb7898}> (0x0000000098cb7898) 
thrown [s\src\hotspot\share\runtime\sharedRuntime.cpp, line 625]
Event: 33.168 Thread 0x000002078a354610 Implicit null exception at 0x00000207ebd658e2 to 0x00000207ebd6646c
Event: 33.168 Thread 0x000002078a354610 Exception <a 'java/lang/NullPointerException'{0x0000000098c3ef78}> (0x0000000098c3ef78) 
thrown [s\src\hotspot\share\runtime\sharedRuntime.cpp, line 625]
Event: 36.075 Thread 0x0000020785f23440 Implicit null exception at 0x00000207f240c412 to 0x00000207f240e140
Event: 36.791 Thread 0x000002078a32d560 Implicit null exception at 0x00000207f249677b to 0x00000207f2497954
Event: 36.791 Thread 0x000002078a331d90 Implicit null exception at 0x00000207f249677b to 0x00000207f2497954
Event: 36.791 Thread 0x00000207878a6170 Implicit null exception at 0x00000207f249677b to 0x00000207f2497954
Event: 36.791 Thread 0x00000207878a6170 Implicit null exception at 0x00000207f249677b to 0x00000207f2497954
Event: 36.791 Thread 0x000002078a32d560 Implicit null exception at 0x00000207f249677b to 0x00000207f2497954
Event: 36.791 Thread 0x000002078a331d90 Implicit null exception at 0x00000207f249677b to 0x00000207f2497954
Event: 36.852 Thread 0x00000207878a88d0 Implicit null exception at 0x00000207f249677b to 0x00000207f2497954
Event: 39.688 Thread 0x00000207ff355590 Implicit null exception at 0x00000207f2331a26 to 0x00000207f2332284
Event: 48.132 Thread 0x0000020785f21a00 Implicit null exception at 0x00000207f248e87a to 0x00000207f248f17b
Event: 48.307 Thread 0x000002079d0ec7c0 Implicit null exception at 0x00000207f19426fa to 0x00000207f19428a8
Event: 48.578 Thread 0x000002079d0f0960 Implicit null exception at 0x00000207f1a71369 to 0x00000207f1a7140c

ZGC Phase Switch (0 events):
No events

VM Operations (20 events):
Event: 48.821 Executing VM operation: G1TryInitiateConcMark (G1 Humongous Allocation) done
Event: 48.821 Executing VM operation: G1TryInitiateConcMark (G1 Humongous Allocation)
Event: 48.828 Executing VM operation: G1TryInitiateConcMark (G1 Humongous Allocation) done
Event: 48.935 Executing VM operation: G1PauseRemark
Event: 48.969 Executing VM operation: G1PauseRemark done
Event: 49.047 Executing VM operation: G1PauseCleanup
Event: 49.048 Executing VM operation: G1PauseCleanup done
Event: 49.099 Executing VM operation: G1CollectForAllocation (G1 Evacuation Pause)
Event: 49.099 Executing VM operation: G1CollectForAllocation (G1 Evacuation Pause) done
Event: 49.100 Executing VM operation: G1CollectForAllocation (GCLocker Initiated GC)
Event: 49.108 Executing VM operation: G1CollectForAllocation (GCLocker Initiated GC) done
Event: 49.840 Executing VM operation: G1CollectForAllocation (G1 Evacuation Pause)
Event: 49.846 Executing VM operation: G1CollectForAllocation (G1 Evacuation Pause) done
Event: 50.736 Executing VM operation: G1TryInitiateConcMark (G1 Humongous Allocation)
Event: 50.744 Executing VM operation: G1TryInitiateConcMark (G1 Humongous Allocation) done
Event: 50.841 Executing VM operation: G1PauseRemark
Event: 50.846 Executing VM operation: G1PauseRemark done
Event: 50.931 Executing VM operation: G1PauseCleanup
Event: 50.931 Executing VM operation: G1PauseCleanup done
Event: 51.932 Executing VM operation: Cleanup

Events (20 events):
Event: 50.846 Thread 0x00000207ff22ebb0 flushing nmethod 0x00000207f1942510
Event: 50.853 Thread 0x00000207878d8910 Thread added: 0x00000207878d8910
Event: 50.853 Thread 0x00000207878d74a0 Thread added: 0x00000207878d74a0
Event: 50.854 Thread 0x000002079d0ee890 Thread added: 0x000002079d0ee890
Event: 50.855 Thread 0x000002079d0eef20 Thread added: 0x000002079d0eef20
Event: 50.855 Thread 0x000002079d0ed4e0 Thread added: 0x000002079d0ed4e0
Event: 50.856 Thread 0x000002079d0f3750 Thread added: 0x000002079d0f3750
Event: 50.856 Thread 0x000002079d0f3de0 Thread added: 0x000002079d0f3de0
Event: 50.856 Thread 0x000002079d0f1d10 Thread added: 0x000002079d0f1d10
Event: 50.856 Thread 0x000002079d0f4470 Thread added: 0x000002079d0f4470
Event: 50.856 Thread 0x000002079d0f0ff0 Thread added: 0x000002079d0f0ff0
Event: 50.857 Thread 0x000002079d0f23a0 Thread added: 0x000002079d0f23a0
Event: 50.857 Thread 0x000002079d0f2a30 Thread added: 0x000002079d0f2a30
Event: 50.857 Thread 0x000002079d0f1680 Thread added: 0x000002079d0f1680
Event: 50.857 Thread 0x000002079d0f5190 Thread added: 0x000002079d0f5190
Event: 50.858 Thread 0x000002079d0f5820 Thread added: 0x000002079d0f5820
Event: 50.858 Thread 0x000002079d0f5eb0 Thread added: 0x000002079d0f5eb0
Event: 50.858 Thread 0x000002079d0f30c0 Thread added: 0x000002079d0f30c0
Event: 50.891 Thread 0x000002078c0f13f0 Thread added: 0x000002078c0f13f0
Event: 50.891 Thread 0x000002078c0f1ac0 Thread added: 0x000002078c0f1ac0


Dynamic libraries:
0x00007ff734d20000 - 0x00007ff734d2a000 	C:\Program Files\Android\Android Studio\jbr\bin\java.exe
0x00007ffbe60e0000 - 0x00007ffbe6343000 	C:\WINDOWS\SYSTEM32\ntdll.dll
0x00007ffbe4c10000 - 0x00007ffbe4cd8000 	C:\WINDOWS\System32\KERNEL32.DLL
0x00007ffbe3840000 - 0x00007ffbe3bf2000 	C:\WINDOWS\System32\KERNELBASE.dll
0x00007ffbe34b0000 - 0x00007ffbe35fb000 	C:\WINDOWS\System32\ucrtbase.dll
0x00007ffba21c0000 - 0x00007ffba21d8000 	C:\Program Files\Android\Android Studio\jbr\bin\jli.dll
0x00007ffbc2e50000 - 0x00007ffbc2e6b000 	C:\Program Files\Android\Android Studio\jbr\bin\VCRUNTIME140.dll
0x00007ffbe42d0000 - 0x00007ffbe4498000 	C:\WINDOWS\System32\USER32.dll
0x00007ffbd3dd0000 - 0x00007ffbd4060000 	C:\WINDOWS\WinSxS\amd64_microsoft.windows.common-controls_6595b64144ccf1df_6.0.26100.2454_none_3e0b68a2e331ad60\COMCTL32.dll
0x00007ffbe3c00000 - 0x00007ffbe3c27000 	C:\WINDOWS\System32\win32u.dll
0x00007ffbe4f30000 - 0x00007ffbe4fd9000 	C:\WINDOWS\System32\msvcrt.dll
0x00007ffbe4050000 - 0x00007ffbe407a000 	C:\WINDOWS\System32\GDI32.dll
0x00007ffbe3e10000 - 0x00007ffbe3f3b000 	C:\WINDOWS\System32\gdi32full.dll
0x00007ffbe3cd0000 - 0x00007ffbe3d73000 	C:\WINDOWS\System32\msvcp_win.dll
0x00007ffbe6060000 - 0x00007ffbe608f000 	C:\WINDOWS\System32\IMM32.DLL
0x00007ffbdd240000 - 0x00007ffbdd24c000 	C:\Program Files\Android\Android Studio\jbr\bin\vcruntime140_1.dll
0x00007ffb920c0000 - 0x00007ffb9214d000 	C:\Program Files\Android\Android Studio\jbr\bin\msvcp140.dll
0x00007ffb8cd70000 - 0x00007ffb8d9ed000 	C:\Program Files\Android\Android Studio\jbr\bin\server\jvm.dll
0x00007ffbe4160000 - 0x00007ffbe4214000 	C:\WINDOWS\System32\ADVAPI32.dll
0x00007ffbe3fa0000 - 0x00007ffbe4046000 	C:\WINDOWS\System32\sechost.dll
0x00007ffbe5f40000 - 0x00007ffbe6056000 	C:\WINDOWS\System32\RPCRT4.dll
0x00007ffbe4b10000 - 0x00007ffbe4b84000 	C:\WINDOWS\System32\WS2_32.dll
0x00007ffbd7390000 - 0x00007ffbd73c6000 	C:\WINDOWS\SYSTEM32\WINMM.dll
0x00007ffbe2eb0000 - 0x00007ffbe2efe000 	C:\WINDOWS\SYSTEM32\POWRPROF.dll
0x00007ffbda9e0000 - 0x00007ffbda9eb000 	C:\WINDOWS\SYSTEM32\VERSION.dll
0x00007ffbe2d60000 - 0x00007ffbe2d74000 	C:\WINDOWS\SYSTEM32\UMPDC.dll
0x00007ffbe2250000 - 0x00007ffbe226a000 	C:\WINDOWS\SYSTEM32\kernel.appcore.dll
0x00007ffbc6c00000 - 0x00007ffbc6c0a000 	C:\Program Files\Android\Android Studio\jbr\bin\jimage.dll
0x00007ffbe0da0000 - 0x00007ffbe0fe1000 	C:\WINDOWS\SYSTEM32\DBGHELP.DLL
0x00007ffbe4fe0000 - 0x00007ffbe535e000 	C:\WINDOWS\System32\combase.dll
0x00007ffbe4080000 - 0x00007ffbe4156000 	C:\WINDOWS\System32\OLEAUT32.dll
0x00007ffb7ea20000 - 0x00007ffb7ea59000 	C:\WINDOWS\SYSTEM32\dbgcore.DLL
0x00007ffbe3c30000 - 0x00007ffbe3cc9000 	C:\WINDOWS\System32\bcryptPrimitives.dll
0x00007ffbcf780000 - 0x00007ffbcf78e000 	C:\Program Files\Android\Android Studio\jbr\bin\instrument.dll
0x00007ffbaf400000 - 0x00007ffbaf41f000 	C:\Program Files\Android\Android Studio\jbr\bin\java.dll
0x00007ffba9930000 - 0x00007ffba9948000 	C:\Program Files\Android\Android Studio\jbr\bin\zip.dll
0x00007ffbe55b0000 - 0x00007ffbe5cb1000 	C:\WINDOWS\System32\SHELL32.dll
0x00007ffbe12a0000 - 0x00007ffbe1ad1000 	C:\WINDOWS\SYSTEM32\windows.storage.dll
0x00007ffbe5de0000 - 0x00007ffbe5eba000 	C:\WINDOWS\System32\SHCORE.dll
0x00007ffbe53f0000 - 0x00007ffbe544d000 	C:\WINDOWS\System32\shlwapi.dll
0x00007ffbe33c0000 - 0x00007ffbe33ee000 	C:\WINDOWS\SYSTEM32\profapi.dll
0x00007ffbc2790000 - 0x00007ffbc27a0000 	C:\Program Files\Android\Android Studio\jbr\bin\net.dll
0x00007ffbdbd10000 - 0x00007ffbdbe36000 	C:\WINDOWS\SYSTEM32\WINHTTP.dll
0x00007ffbe27f0000 - 0x00007ffbe2858000 	C:\WINDOWS\system32\mswsock.dll
0x00007ffba4cf0000 - 0x00007ffba4d06000 	C:\Program Files\Android\Android Studio\jbr\bin\nio.dll
0x00007ffbdb2f0000 - 0x00007ffbdb300000 	C:\Program Files\Android\Android Studio\jbr\bin\verify.dll
0x00007ffba0ec0000 - 0x00007ffba0ee7000 	C:\Users\Admin\.gradle\native\c067742578af261105cb4f569cf0c3c89f3d7b1fecec35dd04571415982c5e48\windows-amd64\native-platform.dll
0x00007ffb912d0000 - 0x00007ffb91414000 	C:\Users\Admin\.gradle\native\100fb08df4bc3b14c8652ba06237920a3bd2aa13389f12d3474272988ae205f9\windows-amd64\native-platform-file-events.dll
0x00007ffbb1840000 - 0x00007ffbb1849000 	C:\Program Files\Android\Android Studio\jbr\bin\management.dll
0x00007ffbaf6f0000 - 0x00007ffbaf6fb000 	C:\Program Files\Android\Android Studio\jbr\bin\management_ext.dll
0x00007ffbe4b00000 - 0x00007ffbe4b08000 	C:\WINDOWS\System32\PSAPI.DLL
0x00007ffbe2a90000 - 0x00007ffbe2aac000 	C:\WINDOWS\SYSTEM32\CRYPTSP.dll
0x00007ffbe2270000 - 0x00007ffbe22a8000 	C:\WINDOWS\system32\rsaenh.dll
0x00007ffbe2890000 - 0x00007ffbe28bb000 	C:\WINDOWS\SYSTEM32\USERENV.dll
0x00007ffbe2d80000 - 0x00007ffbe2da6000 	C:\WINDOWS\SYSTEM32\bcrypt.dll
0x00007ffbe2ab0000 - 0x00007ffbe2abc000 	C:\WINDOWS\SYSTEM32\CRYPTBASE.dll
0x00007ffbe1d30000 - 0x00007ffbe1d62000 	C:\WINDOWS\SYSTEM32\IPHLPAPI.DLL
0x00007ffbe4ce0000 - 0x00007ffbe4cea000 	C:\WINDOWS\System32\NSI.dll
0x00007ffbb2ed0000 - 0x00007ffbb2ed9000 	C:\Program Files\Android\Android Studio\jbr\bin\extnet.dll
0x00007ffbb10f0000 - 0x00007ffbb10f8000 	C:\WINDOWS\system32\wshunix.dll
0x00007ffbe2410000 - 0x00007ffbe2445000 	C:\WINDOWS\SYSTEM32\ntmarta.dll
0x00007ffbe1e20000 - 0x00007ffbe1f45000 	C:\WINDOWS\SYSTEM32\DNSAPI.dll
0x00007ffbda080000 - 0x00007ffbda08b000 	C:\Windows\System32\rasadhlp.dll
0x00007ffbdaab0000 - 0x00007ffbdab35000 	C:\WINDOWS\System32\fwpuclnt.dll

dbghelp: loaded successfully - version: 4.0.5 - missing functions: none
symbol engine: initialized successfully - sym options: 0x614 - pdb path: .;C:\Program Files\Android\Android Studio\jbr\bin;C:\WINDOWS\SYSTEM32;C:\WINDOWS\WinSxS\amd64_microsoft.windows.common-controls_6595b64144ccf1df_6.0.26100.2454_none_3e0b68a2e331ad60;C:\Program Files\Android\Android Studio\jbr\bin\server;C:\Users\Admin\.gradle\native\c067742578af261105cb4f569cf0c3c89f3d7b1fecec35dd04571415982c5e48\windows-amd64;C:\Users\Admin\.gradle\native\100fb08df4bc3b14c8652ba06237920a3bd2aa13389f12d3474272988ae205f9\windows-amd64

VM Arguments:
jvm_args: --add-opens=java.base/java.util=ALL-UNNAMED --add-opens=java.base/java.lang=ALL-UNNAMED --add-opens=java.base/java.lang.invoke=ALL-UNNAMED --add-opens=java.prefs/java.util.prefs=ALL-UNNAMED --add-exports=jdk.compiler/com.sun.tools.javac.api=ALL-UNNAMED --add-exports=jdk.compiler/com.sun.tools.javac.util=ALL-UNNAMED --add-opens=java.base/java.nio.charset=ALL-UNNAMED --add-opens=java.base/java.net=ALL-UNNAMED --add-opens=java.base/java.util.concurrent.atomic=ALL-UNNAMED -Xmx2048m -Dfile.encoding=UTF-8 -Duser.country=US -Duser.language=en -Duser.variant -javaagent:C:\Users\Admin\.gradle\wrapper\dists\gradle-8.9-bin\90cnw93cvbtalezasaz0blq0a\gradle-8.9\lib\agents\gradle-instrumentation-agent-8.9.jar 
java_command: org.gradle.launcher.daemon.bootstrap.GradleDaemon 8.9
java_class_path (initial): C:\Users\Admin\.gradle\wrapper\dists\gradle-8.9-bin\90cnw93cvbtalezasaz0blq0a\gradle-8.9\lib\gradle-daemon-main-8.9.jar
Launcher Type: SUN_STANDARD

[Global flags]
     intx CICompilerCount                          = 12                                        {product} {ergonomic}
     uint ConcGCThreads                            = 3                                         {product} {ergonomic}
     uint G1ConcRefinementThreads                  = 13                                        {product} {ergonomic}
   size_t G1HeapRegionSize                         = 1048576                                   {product} {ergonomic}
    uintx GCDrainStackTargetSize                   = 64                                        {product} {ergonomic}
   size_t InitialHeapSize                          = 264241152                                 {product} {ergonomic}
   size_t MarkStackSize                            = 4194304                                   {product} {ergonomic}
   size_t MaxHeapSize                              = 2147483648                                {product} {command line}
   size_t MaxNewSize                               = 1287651328                                {product} {ergonomic}
   size_t MinHeapDeltaBytes                        = 1048576                                   {product} {ergonomic}
   size_t MinHeapSize                              = 8388608                                   {product} {ergonomic}
    uintx NonNMethodCodeHeapSize                   = 7602480                                {pd product} {ergonomic}
    uintx NonProfiledCodeHeapSize                  = 122027880                              {pd product} {ergonomic}
    uintx ProfiledCodeHeapSize                     = 122027880                              {pd product} {ergonomic}
    uintx ReservedCodeCacheSize                    = 251658240                              {pd product} {ergonomic}
     bool SegmentedCodeCache                       = true                                      {product} {ergonomic}
   size_t SoftMaxHeapSize                          = 2147483648                             {manageable} {ergonomic}
     bool UseCompressedOops                        = true                           {product lp64_product} {ergonomic}
     bool UseG1GC                                  = true                                      {product} {ergonomic}
     bool UseLargePagesIndividualAllocation        = false                                  {pd product} {ergonomic}

Logging:
Log output configuration:
 #0: stdout all=warning uptime,level,tags foldmultilines=false
 #1: stderr all=off uptime,level,tags foldmultilines=false

Environment Variables:
JAVA_HOME=C:\Program Files\Java\jdk-17
PATH=C:\dev\flutter\bin;C:\dev\flutter\bin\cache\dart-sdk\bin;C:\Python312\Scripts\;C:\Python312\;C:\Program Files\Common Files\Oracle\Java\javapath;C:\Program Files (x86)\Common Files\Oracle\Java\javapath;C:\Windows\system32;C:\Windows;C:\Windows\System32\Wbem;C:\Windows\System32\WindowsPowerShell\v1.0\;C:\Windows\System32\OpenSSH\;C:\Program Files (x86)\NVIDIA Corporation\PhysX\Common;C:\Program Files\NVIDIA Corporation\NVIDIA NvDLISR;C:\Users\Admin\AppData\Roaming\nvm;C:\Program Files\nodejs;C:\Program Files\Go\bin;C:\ProgramData\chocolatey\bin;C:\Program Files (x86)\Windows Kits\10\Windows Performance Toolkit\;C:\Program Files\Git\cmd;C:\Program Files\Git\mingw64\bin;C:\Program Files\Git\usr\bin;C:\Users\Admin\AppData\Local\Android\Sdk\platform-tools;C:\Program Files\Java\jdk-17\bin;C:\Program Files\gradle-8.11.1\bin;;C:\WINDOWS\system32;C:\WINDOWS;C:\WINDOWS\System32\Wbem;C:\WINDOWS\System32\WindowsPowerShell\v1.0\;C:\WINDOWS\System32\OpenSSH\;C:\dev\flutter\bin;C:\Users\Admin\AppData\Local\Microsoft\WindowsApps;C:\Users\Admin\AppData\Local\Programs\Microsoft VS Code\bin;C:\Users\Admin\AppData\Roaming\nvm;C:\Program Files\nodejs;C:\Users\Admin\AppData\Local\GitHubDesktop\bin;C:\Users\Admin\go\bin;C:\Users\Admin\AppData\Local\Android\Sdk\platform-tools;C:\tools\dart-sdk\bin;C:\Users\Admin\AppData\Local\Pub\Cache\bin;C:\Users\Admin\AppData\Local\gitkraken\bin
USERNAME=Admin
OS=Windows_NT
PROCESSOR_IDENTIFIER=Intel64 Family 6 Model 154 Stepping 3, GenuineIntel
TMP=C:\Users\Admin\AppData\Local\Temp
TEMP=C:\Users\Admin\AppData\Local\Temp




Periodic native trim disabled

JNI global refs:
JNI global refs: 43, weak refs: 13

JNI global refs memory usage: 1467, weak refs: 833

Process memory usage:
Resident Set Size: 1092872K (6% of 16474616K total physical memory with 1268940K free physical memory)

OOME stack traces (most recent first):
Classloader memory used:
Loader org.gradle.internal.classloader.VisitableURLClassLoader                         : 104M
Loader bootstrap                                                                       : 32647K
Loader org.gradle.initialization.MixInLegacyTypesClassLoader                           : 12987K
Loader jdk.internal.loader.ClassLoaders$AppClassLoader                                 : 7957K
Loader jdk.internal.loader.ClassLoaders$PlatformClassLoader                            : 996K
Loader org.gradle.internal.classloader.VisitableURLClassLoader                         : 905K
Loader org.gradle.internal.classloader.VisitableURLClassLoader$InstrumentingVisitableURLClassLoader: 691K
Loader jdk.internal.jrtfs.JrtFileSystemProvider$JrtFsLoader                            : 339K
Loader jdk.internal.reflect.DelegatingClassLoader                                      : 267K
Loader org.gradle.groovy.scripts.internal.DefaultScriptCompilationHandler$ScriptClassLoader: 88488B
Loader org.codehaus.groovy.runtime.callsite.CallSiteClassLoader                        : 49744B

Classes loaded by more than one classloader:
Class org.gradle.api.GradleException                                                  : loaded 3 times (x 79B)
Class Program                                                                         : loaded 3 times (x 69B)
Class org.gradle.internal.classloader.ClassLoaderHierarchy                            : loaded 2 times (x 67B)
Class org.gradle.api.internal.classpath.ManifestUtil                                  : loaded 2 times (x 68B)
Class org.jetbrains.plugins.gradle.model.GradleExtensions                             : loaded 2 times (x 67B)
Class org.jetbrains.plugins.gradle.model.AnnotationProcessingModel                    : loaded 2 times (x 67B)
Class jdk.internal.jimage.decompressor.StringSharingDecompressorFactory               : loaded 2 times (x 71B)
Class org.gradle.internal.operations.MultipleBuildOperationFailures                   : loaded 2 times (x 92B)
Class org.jetbrains.kotlin.idea.gradleTooling.model.noarg.NoArgModel                  : loaded 2 times (x 67B)
Class org.gradle.internal.classloader.DefaultClassLoaderFactory                       : loaded 2 times (x 79B)
Class kotlin.collections.AbstractList$Companion                                       : loaded 2 times (x 68B)
Class org.gradle.internal.classloader.ClassLoaderVisitor                              : loaded 2 times (x 73B)
Class org.gradle.api.internal.classpath.EffectiveClassPath                            : loaded 2 times (x 87B)
Class org.gradle.tooling.internal.gradle.DefaultProjectIdentifier                     : loaded 2 times (x 83B)
Class org.jetbrains.kotlin.idea.gradleTooling.model.allopen.AllOpenModel              : loaded 2 times (x 67B)
Class org.gradle.api.internal.DefaultClassPathProvider                                : loaded 2 times (x 73B)
Class [Lorg.gradle.api.internal.ClassPathProvider;                                    : loaded 2 times (x 66B)
Class org.gradle.api.internal.ClassPathProvider                                       : loaded 2 times (x 67B)
Class jdk.internal.jrtfs.SystemImage                                                  : loaded 2 times (x 71B)
Class org.gradle.internal.service.UnknownServiceException                             : loaded 2 times (x 80B)
Class org.jetbrains.kotlin.idea.gradleTooling.KotlinDslScriptAdditionalTask           : loaded 2 times (x 67B)
Class jdk.internal.jimage.ImageReader$LinkNode                                        : loaded 2 times (x 81B)
Class org.gradle.internal.classpath.TransformedClassPath                              : loaded 2 times (x 93B)
Class jdk.internal.jrtfs.SystemImage$1                                                : loaded 2 times (x 75B)
Class kotlin.enums.EnumEntriesList                                                    : loaded 2 times (x 220B)
Class jdk.internal.jrtfs.SystemImage$2                                                : loaded 2 times (x 73B)
Class org.jetbrains.plugins.gradle.model.IntelliJSettings                             : loaded 2 times (x 67B)
Class jdk.internal.jimage.BasicImageReader                                            : loaded 2 times (x 92B)
Class org.gradle.internal.service.ServiceLocator                                      : loaded 2 times (x 67B)
Class jdk.internal.jrtfs.JrtFileSystemProvider                                        : loaded 2 times (x 98B)
Class org.jetbrains.kotlin.android.synthetic.idea.AndroidExtensionsGradleModel        : loaded 2 times (x 67B)
Class org.gradle.tooling.model.UnsupportedMethodException                             : loaded 2 times (x 79B)
Class jdk.internal.jimage.ImageLocation                                               : loaded 2 times (x 87B)
Class jdk.internal.jrtfs.JrtDirectoryStream$1                                         : loaded 2 times (x 80B)
Class org.gradle.internal.InternalTransformer                                         : loaded 2 times (x 67B)
Class jdk.internal.jimage.ImageBufferCache$1                                          : loaded 2 times (x 80B)
Class org.gradle.internal.time.DefaultTimer                                           : loaded 2 times (x 77B)
Class org.gradle.internal.classloader.ClasspathUtil$1                                 : loaded 2 times (x 73B)
Class jdk.internal.jimage.ImageBufferCache$2                                          : loaded 2 times (x 88B)
Class org.gradle.api.internal.classpath.DefaultModuleRegistry$DefaultModule           : loaded 2 times (x 83B)
Class org.jetbrains.kotlin.idea.gradleTooling.model.lombok.LombokModel                : loaded 2 times (x 67B)
Class org.gradle.internal.time.DefaultCountdownTimer                                  : loaded 2 times (x 85B)
Class org.gradle.tooling.internal.gradle.DefaultBuildIdentifier                       : loaded 2 times (x 76B)
Class kotlin.Function                                                                 : loaded 2 times (x 67B)
Class org.gradle.api.internal.classpath.Module                                        : loaded 2 times (x 67B)
Class org.gradle.api.internal.classpath.UnknownModuleException                        : loaded 2 times (x 79B)
Class jdk.internal.jimage.ImageHeader                                                 : loaded 2 times (x 68B)
Class com.intellij.openapi.externalSystem.model.project.dependencies.ProjectDependencies: loaded 2 times (x 67B)
Class org.gradle.tooling.internal.gradle.GradleProjectIdentity                        : loaded 2 times (x 67B)
Class org.gradle.api.internal.DefaultClassPathRegistry                                : loaded 2 times (x 73B)
Class org.gradle.api.internal.ClassPathRegistry                                       : loaded 2 times (x 67B)
Class org.gradle.internal.classpath.DefaultClassPath$ImmutableUniqueList              : loaded 2 times (x 196B)
Class jdk.internal.jimage.decompressor.ResourceDecompressor                           : loaded 2 times (x 67B)
Class org.jetbrains.kotlin.idea.gradleTooling.KotlinSourceSetContainer                : loaded 2 times (x 67B)
Class Settings_gradle$1                                                               : loaded 2 times (x 71B)
Class org.gradle.internal.classpath.ClassPath                                         : loaded 2 times (x 67B)
Class org.gradle.api.UncheckedIOException                                             : loaded 2 times (x 79B)
Class org.jetbrains.kotlin.idea.gradleTooling.KotlinGradleModel                       : loaded 2 times (x 67B)
Class jdk.internal.jimage.ImageStringsReader                                          : loaded 2 times (x 77B)
Class org.gradle.tooling.model.Model                                                  : loaded 2 times (x 67B)
Class kotlin.UninitializedPropertyAccessException                                     : loaded 2 times (x 79B)
Class jdk.internal.jimage.ImageReader                                                 : loaded 2 times (x 72B)
Class org.jetbrains.plugins.gradle.model.IntelliJProjectSettings                      : loaded 2 times (x 67B)
Class org.jetbrains.kotlin.idea.gradleTooling.model.annotation.AnnotationBasedPluginModel: loaded 2 times (x 67B)
Class jdk.internal.jimage.ImageReader$SharedImageReader                               : loaded 2 times (x 92B)
Class org.gradle.internal.installation.GradleInstallation$1                           : loaded 2 times (x 72B)
Class org.gradle.api.internal.classpath.ModuleRegistry                                : loaded 2 times (x 67B)
Class jdk.internal.jimage.decompressor.ResourceDecompressorFactory                    : loaded 2 times (x 71B)
Class org.jetbrains.plugins.gradle.model.VersionCatalogsModel                         : loaded 2 times (x 67B)
Class jdk.internal.jimage.ImageReader$Node                                            : loaded 2 times (x 81B)
Class org.gradle.api.internal.classpath.DefaultModuleRegistry                         : loaded 2 times (x 80B)
Class jdk.internal.jimage.BasicImageReader$1                                          : loaded 2 times (x 74B)
Class jdk.internal.jimage.decompressor.Decompressor                                   : loaded 2 times (x 69B)
Class jdk.internal.jimage.ImageReader$Resource                                        : loaded 2 times (x 81B)
Class org.gradle.internal.time.MonotonicClock                                         : loaded 2 times (x 74B)
Class org.gradle.internal.service.ServiceLookupException                              : loaded 2 times (x 79B)
Class jdk.internal.jrtfs.JrtFileAttributes                                            : loaded 2 times (x 80B)
Class org.gradle.internal.classloader.ClassLoaderFactory                              : loaded 2 times (x 67B)
Class org.gradle.internal.service.CachingServiceLocator                               : loaded 2 times (x 79B)
Class org.jetbrains.plugins.gradle.model.RepositoryModels                             : loaded 2 times (x 67B)
Class org.gradle.internal.time.TimeSource                                             : loaded 2 times (x 67B)
Class org.gradle.tooling.internal.gradle.GradleBuildIdentity                          : loaded 2 times (x 67B)
Class kotlin.enums.EnumEntries                                                        : loaded 2 times (x 67B)
Class org.gradle.internal.exceptions.ResolutionProvider                               : loaded 2 times (x 67B)
Class jdk.internal.jimage.ImageBufferCache                                            : loaded 2 times (x 68B)
Class jdk.internal.jrtfs.JrtPath                                                      : loaded 2 times (x 115B)
Class org.gradle.tooling.model.ProjectIdentifier                                      : loaded 2 times (x 67B)
Class org.gradle.internal.classloader.ClasspathUtil                                   : loaded 2 times (x 68B)
Class org.gradle.internal.time.TimeSource$1                                           : loaded 2 times (x 74B)
Class kotlin.jvm.internal.DefaultConstructorMarker                                    : loaded 2 times (x 68B)
Class org.gradle.api.specs.Spec                                                       : loaded 2 times (x 67B)
Class jdk.internal.jimage.ImageReader$SharedImageReader$LocationVisitor               : loaded 2 times (x 67B)
Class jdk.internal.jimage.decompressor.ResourceDecompressorRepository                 : loaded 2 times (x 68B)
Class org.gradle.internal.time.Clock                                                  : loaded 2 times (x 67B)
Class jdk.internal.jimage.ImageReader$Directory                                       : loaded 2 times (x 81B)
Class org.jetbrains.plugins.gradle.model.jar.JarTaskManifestConfiguration             : loaded 2 times (x 67B)
Class kotlin.collections.AbstractList                                                 : loaded 2 times (x 194B)
Class kotlin.collections.AbstractCollection                                           : loaded 2 times (x 114B)
Class org.gradle.internal.classloader.VisitableURLClassLoader$InstrumentingVisitableURLClassLoader: loaded 2 times (x 120B)
Class org.gradle.internal.classloader.VisitableURLClassLoader$Spec                    : loaded 2 times (x 71B)
Class org.gradle.internal.classpath.DefaultClassPath                                  : loaded 2 times (x 87B)
Class jdk.internal.jimage.decompressor.ZipDecompressorFactory                         : loaded 2 times (x 71B)
Class org.gradle.internal.classloader.ClassLoaderSpec                                 : loaded 2 times (x 68B)
Class Settings_gradle$1$1                                                             : loaded 2 times (x 71B)
Class org.gradle.internal.classloader.VisitableURLClassLoader                         : loaded 2 times (x 114B)
Class Settings_gradle                                                                 : loaded 2 times (x 125B)
Class org.gradle.internal.Cast                                                        : loaded 2 times (x 68B)
Class org.gradle.api.Action                                                           : loaded 2 times (x 67B)
Class jdk.internal.jimage.decompressor.ZipDecompressor                                : loaded 2 times (x 72B)
Class kotlin.jvm.functions.Function1                                                  : loaded 2 times (x 67B)
Class org.gradle.internal.agents.InstrumentingClassLoader                             : loaded 2 times (x 67B)
Class org.gradle.internal.classpath.DefaultClassPath$ImmutableUniqueList$Builder      : loaded 2 times (x 72B)
Class org.jetbrains.kotlin.idea.gradleTooling.model.samWithReceiver.SamWithReceiverModel: loaded 2 times (x 67B)
Class org.gradle.internal.classloader.FilteringClassLoader                            : loaded 2 times (x 102B)
Class org.gradle.internal.exceptions.NonGradleCauseExceptionsHolder                   : loaded 2 times (x 67B)
Class jdk.internal.jimage.ImageStrings                                                : loaded 2 times (x 67B)
Class org.jetbrains.kotlin.idea.gradleTooling.model.assignment.AssignmentModel        : loaded 2 times (x 67B)
Class kotlin.enums.EnumEntriesKt                                                      : loaded 2 times (x 68B)
Class org.gradle.internal.IoActions                                                   : loaded 2 times (x 68B)
Class sync_studio_tooling_a0np0mnnpkhbbcapqao0wj3hv                                   : loaded 2 times (x 176B)
Class org.gradle.internal.classloader.SystemClassLoaderSpec                           : loaded 2 times (x 68B)
Class org.gradle.internal.exceptions.MultiCauseException                              : loaded 2 times (x 67B)
Class org.gradle.internal.time.CountdownTimer                                         : loaded 2 times (x 67B)
Class kotlin.jvm.internal.Intrinsics                                                  : loaded 2 times (x 68B)
Class jdk.internal.jrtfs.JrtFileSystem                                                : loaded 2 times (x 99B)
Class org.jetbrains.kotlin.idea.gradleTooling.model.parcelize.ParcelizeGradleModel    : loaded 2 times (x 67B)
Class org.gradle.tooling.model.ProjectModel                                           : loaded 2 times (x 67B)
Class jdk.internal.jimage.decompressor.CompressedResourceHeader                       : loaded 2 times (x 68B)
Class kotlin.KotlinNullPointerException                                               : loaded 2 times (x 80B)
Class org.jetbrains.plugins.gradle.model.tests.ExternalTestsModel                     : loaded 2 times (x 67B)
Class ijInit1_cc45vyagw77osorhnet0yrg9q                                               : loaded 2 times (x 176B)
Class org.gradle.internal.exceptions.DefaultMultiCauseException                       : loaded 2 times (x 92B)
Class org.gradle.internal.time.Time                                                   : loaded 2 times (x 68B)
Class org.jetbrains.plugins.gradle.model.DependencyAccessorsModel                     : loaded 2 times (x 67B)
Class org.jetbrains.kotlin.idea.gradleTooling.KotlinMPPGradleModel                    : loaded 2 times (x 67B)
Class org.gradle.tooling.model.BuildIdentifier                                        : loaded 2 times (x 67B)
Class org.jetbrains.kotlin.idea.gradleTooling.PrepareKotlinIdeImportTaskModel         : loaded 2 times (x 67B)
Class org.gradle.internal.time.Timer                                                  : loaded 2 times (x 67B)
Class kotlin.jvm.internal.markers.KMappedMarker                                       : loaded 2 times (x 67B)
Class org.gradle.internal.installation.CurrentGradleInstallationLocator               : loaded 2 times (x 68B)
Class org.gradle.internal.service.DefaultServiceLocator                               : loaded 2 times (x 80B)
Class jdk.internal.jrtfs.JrtDirectoryStream                                           : loaded 2 times (x 86B)
Class org.gradle.util.GradleVersion                                                   : loaded 2 times (x 80B)
Class org.gradle.internal.installation.CurrentGradleInstallation                      : loaded 2 times (x 70B)
Class org.gradle.util.internal.GUtil                                                  : loaded 2 times (x 68B)
Class org.gradle.internal.installation.GradleInstallation                             : loaded 2 times (x 72B)
Class jdk.internal.jimage.decompressor.ResourceDecompressor$StringsProvider           : loaded 2 times (x 67B)

---------------  S Y S T E M  ---------------

OS:
 Windows 11 , 64 bit Build 26100 (10.0.26100.2454)
OS uptime: 0 days 18:05 hours

CPU: total 16 (initial active 16) (8 cores per cpu, 2 threads per core) family 6 model 154 stepping 3 microcode 0x41e, cx8, cmov, fxsr, ht, mmx, 3dnowpref, sse, sse2, sse3, ssse3, sse4.1, sse4.2, popcnt, lzcnt, tsc, tscinvbit, avx, avx2, aes, erms, clmul, bmi1, bmi2, adx, sha, fma, vzeroupper, clflush, clflushopt, clwb, serialize, rdtscp, rdpid, fsrm, f16c, pku, cet_ibt, cet_ss
Processor Information for processor 0
  Max Mhz: 2500, Current Mhz: 2500, Mhz Limit: 2500
Processor Information for processor 1
  Max Mhz: 2500, Current Mhz: 2500, Mhz Limit: 2500
Processor Information for processor 2
  Max Mhz: 2500, Current Mhz: 2500, Mhz Limit: 2500
Processor Information for processor 3
  Max Mhz: 2500, Current Mhz: 2500, Mhz Limit: 2500
Processor Information for processor 4
  Max Mhz: 2500, Current Mhz: 2500, Mhz Limit: 2500
Processor Information for processor 5
  Max Mhz: 2500, Current Mhz: 2500, Mhz Limit: 2500
Processor Information for processor 6
  Max Mhz: 2500, Current Mhz: 2500, Mhz Limit: 2500
Processor Information for processor 7
  Max Mhz: 2500, Current Mhz: 2500, Mhz Limit: 2500
Processor Information for processor 8
  Max Mhz: 2500, Current Mhz: 1800, Mhz Limit: 1800
Processor Information for processor 9
  Max Mhz: 2500, Current Mhz: 1800, Mhz Limit: 1800
Processor Information for processor 10
  Max Mhz: 2500, Current Mhz: 1800, Mhz Limit: 1800
Processor Information for processor 11
  Max Mhz: 2500, Current Mhz: 1800, Mhz Limit: 1800
Processor Information for processor 12
  Max Mhz: 2500, Current Mhz: 1800, Mhz Limit: 1800
Processor Information for processor 13
  Max Mhz: 2500, Current Mhz: 1800, Mhz Limit: 1800
Processor Information for processor 14
  Max Mhz: 2500, Current Mhz: 1800, Mhz Limit: 1800
Processor Information for processor 15
  Max Mhz: 2500, Current Mhz: 1800, Mhz Limit: 1800

Memory: 4k page, system-wide physical 16088M (1288M free)
TotalPageFile size 24280M (AvailPageFile size 2871M)
current process WorkingSet (physical memory assigned to process): 1077M, peak: 1087M
current process commit charge ("private bytes"): 1115M, peak: 1126M

vm_info: OpenJDK 64-Bit Server VM (21.0.3+-12282718-b509.11) for windows-amd64 JRE (21.0.3+-12282718-b509.11), built on 2024-08-27T17:34:15Z by "builder" with MS VC++ 16.10 / 16.11 (VS2019)

END.
